session_id,source_sheet,volume_m,normalized_blocks,normalization_method,status
RKF-10-12-01,Treinos_10_12,3600,6,already_exact_or_explicit_zero,EXACT_910_READY
RKF-10-12-02,Treinos_10_12,3400,5,already_exact_or_explicit_zero,EXACT_910_READY
RKF-10-12-03,Treinos_10_12,3800,5,already_exact_or_explicit_zero,EXACT_910_READY
RKF-10-12-04,Treinos_10_12,3200,6,already_exact_or_explicit_zero,EXACT_910_READY
RKF-10-12-05,Treinos_10_12,3600,5,already_exact_or_explicit_zero,EXACT_910_READY
RKF-10-12-06,Treinos_10_12,4000,5,already_exact_or_explicit_zero,EXACT_910_READY
RKF-10-12-07,Treinos_10_12,3500,5,already_exact_or_explicit_zero,EXACT_910_READY
RKF-10-12-08,Treinos_10_12,3300,5,already_exact_or_explicit_zero,EXACT_910_READY
RKF-10-12-09,Treinos_10_12,3600,3,already_exact_or_explicit_zero,EXACT_910_READY
RKF-10-12-10,Treinos_10_12,3500,5,already_exact_or_explicit_zero,EXACT_910_READY
RKF-10-12-11,Treinos_10_12,3800,4,already_exact_or_explicit_zero,EXACT_910_READY
RKF-10-12-12,Treinos_10_12,4100,4,already_exact_or_explicit_zero,EXACT_910_READY
RKF-10-12-13,Treinos_10_12,3700,6,already_exact_or_explicit_zero,EXACT_910_READY
RKF-10-12-14,Treinos_10_12,3200,5,already_exact_or_explicit_zero,EXACT_910_READY
RKF-10-12-15,Treinos_10_12,3700,8,already_exact_or_explicit_zero,EXACT_910_READY
RKF-10-12-16,Treinos_10_12,3600,6,already_exact_or_explicit_zero,EXACT_910_READY
RKF-10-12-17,Treinos_10_12,3900,7,already_exact_or_explicit_zero,EXACT_910_READY
RKF-10-12-18,Treinos_10_12,3300,5,already_exact_or_explicit_zero,EXACT_910_READY
RKF-10-12-19,Treinos_10_12,4200,5,already_exact_or_explicit_zero,EXACT_910_READY
RKF-10-12-20,Treinos_10_12,4000,9,already_exact_or_explicit_zero,EXACT_910_READY
RKF-10-12-21,Treinos_10_12,3400,5,already_exact_or_explicit_zero,EXACT_910_READY
RKF-10-12-22,Treinos_10_12,3600,5,already_exact_or_explicit_zero,EXACT_910_READY
RKF-10-12-23,Treinos_10_12,3800,5,already_exact_or_explicit_zero,EXACT_910_READY
RKF-10-12-24,Treinos_10_12,3600,5,already_exact_or_explicit_zero,EXACT_910_READY
RKF-10-12-25,Treinos_10_12,4000,4,already_exact_or_explicit_zero,EXACT_910_READY
RKF-10-12-26,Treinos_10_12,3400,6,already_exact_or_explicit_zero,EXACT_910_READY
RKF-10-12-27,Treinos_10_12,3600,6,already_exact_or_explicit_zero,EXACT_910_READY
RKF-10-12-28,Treinos_10_12,3500,6,already_exact_or_explicit_zero,EXACT_910_READY
RKF-10-12-29,Treinos_10_12,4000,5,already_exact_or_explicit_zero,EXACT_910_READY
RKF-10-12-30,Treinos_10_12,3800,5,already_exact_or_explicit_zero,EXACT_910_READY
RKF-10-12-31,Treinos_10_12,3400,6,already_exact_or_explicit_zero,EXACT_910_READY
RKF-10-12-32,Treinos_10_12,4200,6,already_exact_or_explicit_zero,EXACT_910_READY
RKF-10-12-33,Treinos_10_12,3600,5,already_exact_or_explicit_zero,EXACT_910_READY
RKF-10-12-34,Treinos_10_12,3800,5,already_exact_or_explicit_zero,EXACT_910_READY
RKF-10-12-35,Treinos_10_12,4000,5,already_exact_or_explicit_zero,EXACT_910_READY
RKF-10-12-36,Treinos_10_12,3200,6,already_exact_or_explicit_zero,EXACT_910_READY
RKF-10-12-37,Treinos_10_12,3600,6,already_exact_or_explicit_zero,EXACT_910_READY
RKF-10-12-38,Treinos_10_12,4200,5,already_exact_or_explicit_zero,EXACT_910_READY
RKF-10-12-39,Treinos_10_12,3500,6,already_exact_or_explicit_zero,EXACT_910_READY
RKF-10-12-40,Treinos_10_12,4000,8,already_exact_or_explicit_zero,EXACT_910_READY
RKF-10-12-41,Treinos_10_12,3400,6,already_exact_or_explicit_zero,EXACT_910_READY
RKF-10-12-42,Treinos_10_12,3500,6,already_exact_or_explicit_zero,EXACT_910_READY
RKF-10-12-43,Treinos_10_12,3400,7,already_exact_or_explicit_zero,EXACT_910_READY
RKF-10-12-44,Treinos_10_12,3600,5,already_exact_or_explicit_zero,EXACT_910_READY
RKF-10-12-45,Treinos_10_12,3800,4,already_exact_or_explicit_zero,EXACT_910_READY
RKF-10-12-46,Treinos_10_12,3200,6,already_exact_or_explicit_zero,EXACT_910_READY
RKF-10-12-47,Treinos_10_12,4000,6,already_exact_or_explicit_zero,EXACT_910_READY
RKF-10-12-48,Treinos_10_12,3400,6,already_exact_or_explicit_zero,EXACT_910_READY
RKF-10-12-49,Treinos_10_12,3600,5,already_exact_or_explicit_zero,EXACT_910_READY
RKF-10-12-50,Treinos_10_12,3200,7,already_exact_or_explicit_zero,EXACT_910_READY
RKF-10-12-51,Treinos_10_12,3600,7,already_exact_or_explicit_zero,EXACT_910_READY
RKF-10-12-52,Treinos_10_12,3600,4,already_exact_or_explicit_zero,EXACT_910_READY
RKF-10-12-53,Treinos_10_12,3800,5,already_exact_or_explicit_zero,EXACT_910_READY
RKF-10-12-54,Treinos_10_12,3400,6,already_exact_or_explicit_zero,EXACT_910_READY
RKF-10-12-55,Treinos_10_12,3600,4,already_exact_or_explicit_zero,EXACT_910_READY
RKF-10-12-56,Treinos_10_12,3600,6,already_exact_or_explicit_zero,EXACT_910_READY
RKF-10-12-57,Treinos_10_12,3300,6,already_exact_or_explicit_zero,EXACT_910_READY
RKF-10-12-58,Treinos_10_12,4000,5,already_exact_or_explicit_zero,EXACT_910_READY
RKF-10-12-59,Treinos_10_12,3800,5,already_exact_or_explicit_zero,EXACT_910_READY
RKF-10-12-60,Treinos_10_12,4000,8,already_exact_or_explicit_zero,EXACT_910_READY
RKF-10-12-61,Treinos_10_12,3200,7,already_exact_or_explicit_zero,EXACT_910_READY
RKF-10-12-62,Treinos_10_12,3200,7,residual_fill,EXACT_910_READY
RKF-10-12-63,Treinos_10_12,3400,8,residual_fill,EXACT_910_READY
RKF-10-12-64,Treinos_10_12,3400,5,residual_fill,EXACT_910_READY
RKF-10-12-65,Treinos_10_12,3600,7,residual_fill,EXACT_910_READY
RKF-10-12-66,Treinos_10_12,3200,6,residual_fill,EXACT_910_READY
RKF-10-12-67,Treinos_10_12,3400,5,residual_fill,EXACT_910_READY
RKF-10-12-68,Treinos_10_12,3600,7,residual_fill,EXACT_910_READY
RKF-10-12-69,Treinos_10_12,3400,6,residual_fill,EXACT_910_READY
RKF-10-12-70,Treinos_10_12,3400,7,residual_fill,EXACT_910_READY
RKF-10-12-71,Treinos_10_12,3200,7,residual_fill,EXACT_910_READY
RKF-10-12-72,Treinos_10_12,4000,5,residual_fill,EXACT_910_READY
RKF-10-12-73,Treinos_10_12,3600,4,residual_fill,EXACT_910_READY
RKF-10-12-74,Treinos_10_12,3400,7,residual_fill,EXACT_910_READY
RKF-10-12-75,Treinos_10_12,3600,4,residual_fill,EXACT_910_READY
RKF-10-12-76,Treinos_10_12,3400,6,residual_fill,EXACT_910_READY
RKF-10-12-77,Treinos_10_12,3800,6,residual_fill,EXACT_910_READY
RKF-10-12-78,Treinos_10_12,3200,7,residual_fill,EXACT_910_READY
RKF-10-12-79,Treinos_10_12,3600,4,residual_fill,EXACT_910_READY
RKF-10-12-80,Treinos_10_12,4000,9,residual_fill,EXACT_910_READY
RKF-13-14-01,Treinos_13_14,5000,5,already_exact_or_explicit_zero,EXACT_910_READY
RKF-13-14-02,Treinos_13_14,5200,5,already_exact_or_explicit_zero,EXACT_910_READY
RKF-13-14-03,Treinos_13_14,5000,5,already_exact_or_explicit_zero,EXACT_910_READY
RKF-13-14-04,Treinos_13_14,5000,5,already_exact_or_explicit_zero,EXACT_910_READY
RKF-13-14-05,Treinos_13_14,5400,4,already_exact_or_explicit_zero,EXACT_910_READY
RKF-13-14-06,Treinos_13_14,4800,5,already_exact_or_explicit_zero,EXACT_910_READY
RKF-13-14-07,Treinos_13_14,5200,4,already_exact_or_explicit_zero,EXACT_910_READY
RKF-13-14-08,Treinos_13_14,5000,5,already_exact_or_explicit_zero,EXACT_910_READY
RKF-13-14-09,Treinos_13_14,5400,4,already_exact_or_explicit_zero,EXACT_910_READY
RKF-13-14-10,Treinos_13_14,5200,4,already_exact_or_explicit_zero,EXACT_910_READY
RKF-13-14-11,Treinos_13_14,5400,5,already_exact_or_explicit_zero,EXACT_910_READY
RKF-13-14-12,Treinos_13_14,5000,5,already_exact_or_explicit_zero,EXACT_910_READY
RKF-13-14-13,Treinos_13_14,5400,4,already_exact_or_explicit_zero,EXACT_910_READY
RKF-13-14-14,Treinos_13_14,4800,5,already_exact_or_explicit_zero,EXACT_910_READY
RKF-13-14-15,Treinos_13_14,4900,3,already_exact_or_explicit_zero,EXACT_910_READY
RKF-13-14-16,Treinos_13_14,5200,5,already_exact_or_explicit_zero,EXACT_910_READY
RKF-13-14-17,Treinos_13_14,5400,4,already_exact_or_explicit_zero,EXACT_910_READY
RKF-13-14-18,Treinos_13_14,5000,4,already_exact_or_explicit_zero,EXACT_910_READY
RKF-13-14-19,Treinos_13_14,5200,4,already_exact_or_explicit_zero,EXACT_910_READY
RKF-13-14-20,Treinos_13_14,5400,4,already_exact_or_explicit_zero,EXACT_910_READY
RKF-13-14-21,Treinos_13_14,4600,5,already_exact_or_explicit_zero,EXACT_910_READY
RKF-13-14-22,Treinos_13_14,4600,5,already_exact_or_explicit_zero,EXACT_910_READY
RKF-13-14-23,Treinos_13_14,5000,4,already_exact_or_explicit_zero,EXACT_910_READY
RKF-13-14-24,Treinos_13_14,4800,5,already_exact_or_explicit_zero,EXACT_910_READY
RKF-13-14-25,Treinos_13_14,4600,5,already_exact_or_explicit_zero,EXACT_910_READY
RKF-13-14-26,Treinos_13_14,4800,5,already_exact_or_explicit_zero,EXACT_910_READY
RKF-13-14-27,Treinos_13_14,5000,5,already_exact_or_explicit_zero,EXACT_910_READY
RKF-13-14-28,Treinos_13_14,4800,6,already_exact_or_explicit_zero,EXACT_910_READY
RKF-13-14-29,Treinos_13_14,4600,5,already_exact_or_explicit_zero,EXACT_910_READY
RKF-13-14-30,Treinos_13_14,4800,6,already_exact_or_explicit_zero,EXACT_910_READY
RKF-13-14-31,Treinos_13_14,4800,5,already_exact_or_explicit_zero,EXACT_910_READY
RKF-13-14-32,Treinos_13_14,4600,5,already_exact_or_explicit_zero,EXACT_910_READY
RKF-13-14-33,Treinos_13_14,5000,5,already_exact_or_explicit_zero,EXACT_910_READY
RKF-13-14-34,Treinos_13_14,4400,5,already_exact_or_explicit_zero,EXACT_910_READY
RKF-13-14-35,Treinos_13_14,4800,5,already_exact_or_explicit_zero,EXACT_910_READY
RKF-13-14-36,Treinos_13_14,4600,6,already_exact_or_explicit_zero,EXACT_910_READY
RKF-13-14-37,Treinos_13_14,4600,5,already_exact_or_explicit_zero,EXACT_910_READY
RKF-13-14-38,Treinos_13_14,4600,5,already_exact_or_explicit_zero,EXACT_910_READY
RKF-13-14-39,Treinos_13_14,4600,5,already_exact_or_explicit_zero,EXACT_910_READY
RKF-13-14-40,Treinos_13_14,5000,5,already_exact_or_explicit_zero,EXACT_910_READY
RKF-13-14-41,Treinos_13_14,4600,6,already_exact_or_explicit_zero,EXACT_910_READY
RKF-13-14-42,Treinos_13_14,4800,6,already_exact_or_explicit_zero,EXACT_910_READY
RKF-13-14-43,Treinos_13_14,4400,7,already_exact_or_explicit_zero,EXACT_910_READY
RKF-13-14-44,Treinos_13_14,4600,6,already_exact_or_explicit_zero,EXACT_910_READY
RKF-13-14-45,Treinos_13_14,4800,5,already_exact_or_explicit_zero,EXACT_910_READY
RKF-13-14-46,Treinos_13_14,4300,6,already_exact_or_explicit_zero,EXACT_910_READY
RKF-13-14-47,Treinos_13_14,4600,6,already_exact_or_explicit_zero,EXACT_910_READY
RKF-13-14-48,Treinos_13_14,4500,6,already_exact_or_explicit_zero,EXACT_910_READY
RKF-13-14-49,Treinos_13_14,5000,5,already_exact_or_explicit_zero,EXACT_910_READY
RKF-13-14-50,Treinos_13_14,4400,6,already_exact_or_explicit_zero,EXACT_910_READY
RKF-13-14-51,Treinos_13_14,4600,6,already_exact_or_explicit_zero,EXACT_910_READY
RKF-13-14-52,Treinos_13_14,4500,5,already_exact_or_explicit_zero,EXACT_910_READY
RKF-13-14-53,Treinos_13_14,4400,7,already_exact_or_explicit_zero,EXACT_910_READY
RKF-13-14-54,Treinos_13_14,4600,6,already_exact_or_explicit_zero,EXACT_910_READY
RKF-13-14-55,Treinos_13_14,4800,5,already_exact_or_explicit_zero,EXACT_910_READY
RKF-13-14-56,Treinos_13_14,4300,6,already_exact_or_explicit_zero,EXACT_910_READY
RKF-13-14-57,Treinos_13_14,4600,5,already_exact_or_explicit_zero,EXACT_910_READY
RKF-13-14-58,Treinos_13_14,4400,5,already_exact_or_explicit_zero,EXACT_910_READY
RKF-13-14-59,Treinos_13_14,4500,7,already_exact_or_explicit_zero,EXACT_910_READY
RKF-13-14-60,Treinos_13_14,4800,7,already_exact_or_explicit_zero,EXACT_910_READY
RKF-13-14-61,Treinos_13_14,4400,6,already_exact_or_explicit_zero,EXACT_910_READY
RKF-13-14-62,Treinos_13_14,4300,6,already_exact_or_explicit_zero,EXACT_910_READY
RKF-13-14-63,Treinos_13_14,4500,6,already_exact_or_explicit_zero,EXACT_910_READY
RKF-13-14-64,Treinos_13_14,4200,7,already_exact_or_explicit_zero,EXACT_910_READY
RKF-13-14-65,Treinos_13_14,4500,6,already_exact_or_explicit_zero,EXACT_910_READY
RKF-13-14-66,Treinos_13_14,4300,6,already_exact_or_explicit_zero,EXACT_910_READY
RKF-13-14-67,Treinos_13_14,4300,7,already_exact_or_explicit_zero,EXACT_910_READY
RKF-13-14-68,Treinos_13_14,4400,6,already_exact_or_explicit_zero,EXACT_910_READY
RKF-13-14-69,Treinos_13_14,4500,6,already_exact_or_explicit_zero,EXACT_910_READY
RKF-13-14-70,Treinos_13_14,4400,7,already_exact_or_explicit_zero,EXACT_910_READY
RKF-13-14-71,Treinos_13_14,4300,7,already_exact_or_explicit_zero,EXACT_910_READY
RKF-13-14-72,Treinos_13_14,4500,6,already_exact_or_explicit_zero,EXACT_910_READY
RKF-13-14-73,Treinos_13_14,4200,7,already_exact_or_explicit_zero,EXACT_910_READY
RKF-13-14-74,Treinos_13_14,4500,6,already_exact_or_explicit_zero,EXACT_910_READY
RKF-13-14-75,Treinos_13_14,4300,7,already_exact_or_explicit_zero,EXACT_910_READY
RKF-13-14-76,Treinos_13_14,4400,6,already_exact_or_explicit_zero,EXACT_910_READY
RKF-13-14-77,Treinos_13_14,4400,7,already_exact_or_explicit_zero,EXACT_910_READY
RKF-13-14-78,Treinos_13_14,4500,7,already_exact_or_explicit_zero,EXACT_910_READY
RKF-13-14-79,Treinos_13_14,4400,6,already_exact_or_explicit_zero,EXACT_910_READY
RKF-13-14-80,Treinos_13_14,4600,7,already_exact_or_explicit_zero,EXACT_910_READY
RKF-13-14-081,Treinos_13_14,4300,7,already_exact_or_explicit_zero,EXACT_910_READY
RKF-13-14-082,Treinos_13_14,4400,7,already_exact_or_explicit_zero,EXACT_910_READY
RKF-13-14-083,Treinos_13_14,4300,6,already_exact_or_explicit_zero,EXACT_910_READY
RKF-13-14-084,Treinos_13_14,4400,6,already_exact_or_explicit_zero,EXACT_910_READY
RKF-13-14-085,Treinos_13_14,4500,6,already_exact_or_explicit_zero,EXACT_910_READY
RKF-13-14-086,Treinos_13_14,4400,7,already_exact_or_explicit_zero,EXACT_910_READY
RKF-13-14-087,Treinos_13_14,4500,6,already_exact_or_explicit_zero,EXACT_910_READY
RKF-13-14-088,Treinos_13_14,4300,6,already_exact_or_explicit_zero,EXACT_910_READY
RKF-13-14-089,Treinos_13_14,4400,6,already_exact_or_explicit_zero,EXACT_910_READY
RKF-13-14-090,Treinos_13_14,4500,6,already_exact_or_explicit_zero,EXACT_910_READY
RKF-13-14-091,Treinos_13_14,4600,6,already_exact_or_explicit_zero,EXACT_910_READY
RKF-13-14-092,Treinos_13_14,4300,6,already_exact_or_explicit_zero,EXACT_910_READY
RKF-13-14-093,Treinos_13_14,4400,7,already_exact_or_explicit_zero,EXACT_910_READY
RKF-13-14-094,Treinos_13_14,4500,6,already_exact_or_explicit_zero,EXACT_910_READY
RKF-13-14-095,Treinos_13_14,4400,7,already_exact_or_explicit_zero,EXACT_910_READY
RKF-13-14-096,Treinos_13_14,4300,7,already_exact_or_explicit_zero,EXACT_910_READY
RKF-13-14-097,Treinos_13_14,4400,7,already_exact_or_explicit_zero,EXACT_910_READY
RKF-13-14-098,Treinos_13_14,4600,6,already_exact_or_explicit_zero,EXACT_910_READY
RKF-13-14-099,Treinos_13_14,4300,6,already_exact_or_explicit_zero,EXACT_910_READY
RKF-13-14-100,Treinos_13_14,4600,9,already_exact_or_explicit_zero,EXACT_910_READY
RKF-15-16-01,Treinos_15_16,7200,6,already_exact_or_explicit_zero,EXACT_910_READY
RKF-15-16-02,Treinos_15_16,6800,6,already_exact_or_explicit_zero,EXACT_910_READY
RKF-15-16-03,Treinos_15_16,7400,7,already_exact_or_explicit_zero,EXACT_910_READY
RKF-15-16-04,Treinos_15_16,6600,6,already_exact_or_explicit_zero,EXACT_910_READY
RKF-15-16-05,Treinos_15_16,7200,6,already_exact_or_explicit_zero,EXACT_910_READY
RKF-15-16-06,Treinos_15_16,6800,8,already_exact_or_explicit_zero,EXACT_910_READY
RKF-15-16-07,Treinos_15_16,6400,6,already_exact_or_explicit_zero,EXACT_910_READY
RKF-15-16-08,Treinos_15_16,7600,7,already_exact_or_explicit_zero,EXACT_910_READY
RKF-15-16-09,Treinos_15_16,7000,7,already_exact_or_explicit_zero,EXACT_910_READY
RKF-15-16-10,Treinos_15_16,7000,7,already_exact_or_explicit_zero,EXACT_910_READY
RKF-15-16-11,Treinos_15_16,7800,7,already_exact_or_explicit_zero,EXACT_910_READY
RKF-15-16-12,Treinos_15_16,7400,6,already_exact_or_explicit_zero,EXACT_910_READY
RKF-15-16-13,Treinos_15_16,6800,6,already_exact_or_explicit_zero,EXACT_910_READY
RKF-15-16-14,Treinos_15_16,8000,7,already_exact_or_explicit_zero,EXACT_910_READY
RKF-15-16-15,Treinos_15_16,6600,7,already_exact_or_explicit_zero,EXACT_910_READY
RKF-15-16-16,Treinos_15_16,7200,7,already_exact_or_explicit_zero,EXACT_910_READY
RKF-15-16-17,Treinos_15_16,7600,5,already_exact_or_explicit_zero,EXACT_910_READY
RKF-15-16-18,Treinos_15_16,7200,6,already_exact_or_explicit_zero,EXACT_910_READY
RKF-15-16-19,Treinos_15_16,7400,6,already_exact_or_explicit_zero,EXACT_910_READY
RKF-15-16-20,Treinos_15_16,8000,9,already_exact_or_explicit_zero,EXACT_910_READY
RKF-15-16-21,Treinos_15_16,7600,8,already_exact_or_explicit_zero,EXACT_910_READY
RKF-15-16-22,Treinos_15_16,6600,8,already_exact_or_explicit_zero,EXACT_910_READY
RKF-15-16-23,Treinos_15_16,7000,6,already_exact_or_explicit_zero,EXACT_910_READY
RKF-15-16-24,Treinos_15_16,7200,6,already_exact_or_explicit_zero,EXACT_910_READY
RKF-15-16-25,Treinos_15_16,6800,6,already_exact_or_explicit_zero,EXACT_910_READY
RKF-15-16-26,Treinos_15_16,7400,6,already_exact_or_explicit_zero,EXACT_910_READY
RKF-15-16-27,Treinos_15_16,6400,8,already_exact_or_explicit_zero,EXACT_910_READY
RKF-15-16-28,Treinos_15_16,8000,8,already_exact_or_explicit_zero,EXACT_910_READY
RKF-15-16-29,Treinos_15_16,6400,7,already_exact_or_explicit_zero,EXACT_910_READY
RKF-15-16-30,Treinos_15_16,7200,6,already_exact_or_explicit_zero,EXACT_910_READY
RKF-15-16-31,Treinos_15_16,6800,7,already_exact_or_explicit_zero,EXACT_910_READY
RKF-15-16-32,Treinos_15_16,7800,6,already_exact_or_explicit_zero,EXACT_910_READY
RKF-15-16-33,Treinos_15_16,6600,6,already_exact_or_explicit_zero,EXACT_910_READY
RKF-15-16-34,Treinos_15_16,7400,8,already_exact_or_explicit_zero,EXACT_910_READY
RKF-15-16-35,Treinos_15_16,6800,7,already_exact_or_explicit_zero,EXACT_910_READY
RKF-15-16-36,Treinos_15_16,6200,7,already_exact_or_explicit_zero,EXACT_910_READY
RKF-15-16-37,Treinos_15_16,7000,6,already_exact_or_explicit_zero,EXACT_910_READY
RKF-15-16-38,Treinos_15_16,8000,6,already_exact_or_explicit_zero,EXACT_910_READY
RKF-15-16-39,Treinos_15_16,6400,6,already_exact_or_explicit_zero,EXACT_910_READY
RKF-15-16-40,Treinos_15_16,8000,10,already_exact_or_explicit_zero,EXACT_910_READY
RKF-15-16-41,Treinos_15_16,7400,6,already_exact_or_explicit_zero,EXACT_910_READY
RKF-15-16-42,Treinos_15_16,7200,7,already_exact_or_explicit_zero,EXACT_910_READY
RKF-15-16-43,Treinos_15_16,7400,6,already_exact_or_explicit_zero,EXACT_910_READY
RKF-15-16-44,Treinos_15_16,7600,6,already_exact_or_explicit_zero,EXACT_910_READY
RKF-15-16-45,Treinos_15_16,7200,6,already_exact_or_explicit_zero,EXACT_910_READY
RKF-15-16-46,Treinos_15_16,7600,7,already_exact_or_explicit_zero,EXACT_910_READY
RKF-15-16-47,Treinos_15_16,7000,5,already_exact_or_explicit_zero,EXACT_910_READY
RKF-15-16-48,Treinos_15_16,7400,5,already_exact_or_explicit_zero,EXACT_910_READY
RKF-15-16-49,Treinos_15_16,7600,6,already_exact_or_explicit_zero,EXACT_910_READY
RKF-15-16-50,Treinos_15_16,7400,6,already_exact_or_explicit_zero,EXACT_910_READY
RKF-15-16-51,Treinos_15_16,7200,6,already_exact_or_explicit_zero,EXACT_910_READY
RKF-15-16-52,Treinos_15_16,7600,6,already_exact_or_explicit_zero,EXACT_910_READY
RKF-15-16-53,Treinos_15_16,7200,6,already_exact_or_explicit_zero,EXACT_910_READY
RKF-15-16-54,Treinos_15_16,7400,5,already_exact_or_explicit_zero,EXACT_910_READY
RKF-15-16-55,Treinos_15_16,7800,7,already_exact_or_explicit_zero,EXACT_910_READY
RKF-15-16-56,Treinos_15_16,7400,6,already_exact_or_explicit_zero,EXACT_910_READY
RKF-15-16-57,Treinos_15_16,7600,5,already_exact_or_explicit_zero,EXACT_910_READY
RKF-15-16-58,Treinos_15_16,7400,6,already_exact_or_explicit_zero,EXACT_910_READY
RKF-15-16-59,Treinos_15_16,7600,5,already_exact_or_explicit_zero,EXACT_910_READY
RKF-15-16-60,Treinos_15_16,8000,10,already_exact_or_explicit_zero,EXACT_910_READY
RKF-15-16-61,Treinos_15_16,6200,8,already_exact_or_explicit_zero,EXACT_910_READY
RKF-15-16-62,Treinos_15_16,6000,7,already_exact_or_explicit_zero,EXACT_910_READY
RKF-15-16-63,Treinos_15_16,6400,7,already_exact_or_explicit_zero,EXACT_910_READY
RKF-15-16-64,Treinos_15_16,6200,6,already_exact_or_explicit_zero,EXACT_910_READY
RKF-15-16-65,Treinos_15_16,6300,7,already_exact_or_explicit_zero,EXACT_910_READY
RKF-15-16-66,Treinos_15_16,6000,7,already_exact_or_explicit_zero,EXACT_910_READY
RKF-15-16-67,Treinos_15_16,6400,7,already_exact_or_explicit_zero,EXACT_910_READY
RKF-15-16-68,Treinos_15_16,6000,7,already_exact_or_explicit_zero,EXACT_910_READY
RKF-15-16-69,Treinos_15_16,6200,8,already_exact_or_explicit_zero,EXACT_910_READY
RKF-15-16-70,Treinos_15_16,5800,7,already_exact_or_explicit_zero,EXACT_910_READY
RKF-15-16-71,Treinos_15_16,6400,6,already_exact_or_explicit_zero,EXACT_910_READY
RKF-15-16-72,Treinos_15_16,6600,7,already_exact_or_explicit_zero,EXACT_910_READY
RKF-15-16-73,Treinos_15_16,6200,7,already_exact_or_explicit_zero,EXACT_910_READY
RKF-15-16-74,Treinos_15_16,6400,7,already_exact_or_explicit_zero,EXACT_910_READY
RKF-15-16-75,Treinos_15_16,6000,7,already_exact_or_explicit_zero,EXACT_910_READY
RKF-15-16-76,Treinos_15_16,6400,6,already_exact_or_explicit_zero,EXACT_910_READY
RKF-15-16-77,Treinos_15_16,5800,8,already_exact_or_explicit_zero,EXACT_910_READY
RKF-15-16-78,Treinos_15_16,6200,7,already_exact_or_explicit_zero,EXACT_910_READY
RKF-15-16-79,Treinos_15_16,6600,8,already_exact_or_explicit_zero,EXACT_910_READY
RKF-15-16-80,Treinos_15_16,6800,9,already_exact_or_explicit_zero,EXACT_910_READY
RKF-16-17-S01,Treinos_15_16,5200,8,editorial_volume_distribution,EXACT_910_READY
RKF-16-17-S02,Treinos_15_16,5000,8,editorial_volume_distribution,EXACT_910_READY
RKF-16-17-S03,Treinos_15_16,5200,8,editorial_volume_distribution,EXACT_910_READY
RKF-16-17-S04,Treinos_15_16,5000,8,editorial_volume_distribution,EXACT_910_READY
RKF-16-17-S05,Treinos_15_16,5200,8,editorial_volume_distribution,EXACT_910_READY
RKF-16-17-S06,Treinos_15_16,4800,8,editorial_volume_distribution,EXACT_910_READY
RKF-16-17-S07,Treinos_15_16,5400,8,editorial_volume_distribution,EXACT_910_READY
RKF-16-17-S08,Treinos_15_16,5100,8,editorial_volume_distribution,EXACT_910_READY
RKF-16-17-S09,Treinos_15_16,5200,8,editorial_volume_distribution,EXACT_910_READY
RKF-16-17-S10,Treinos_15_16,5000,8,editorial_volume_distribution,EXACT_910_READY
RKF-16-17-S11,Treinos_15_16,5000,8,editorial_volume_distribution,EXACT_910_READY
RKF-16-17-S12,Treinos_15_16,5200,8,editorial_volume_distribution,EXACT_910_READY
RKF-16-17-S13,Treinos_15_16,4600,8,editorial_volume_distribution,EXACT_910_READY
RKF-16-17-S14,Treinos_15_16,4600,8,editorial_volume_distribution,EXACT_910_READY
RKF-16-17-S15,Treinos_15_16,4800,8,editorial_volume_distribution,EXACT_910_READY
RKF-16-17-S16,Treinos_15_16,4800,8,editorial_volume_distribution,EXACT_910_READY
RKF-16-17-S17,Treinos_15_16,4800,8,editorial_volume_distribution,EXACT_910_READY
RKF-16-17-S18,Treinos_15_16,5000,8,editorial_volume_distribution,EXACT_910_READY
RKF-16-17-S19,Treinos_15_16,5200,8,editorial_volume_distribution,EXACT_910_READY
RKF-16-17-S20,Treinos_15_16,5000,8,editorial_volume_distribution,EXACT_910_READY
RKF-16-17-S21,Treinos_15_16,5200,8,editorial_volume_distribution,EXACT_910_READY
RKF-16-17-S22,Treinos_15_16,5000,8,editorial_volume_distribution,EXACT_910_READY
RKF-16-17-S23,Treinos_15_16,4800,8,editorial_volume_distribution,EXACT_910_READY
RKF-16-17-S24,Treinos_15_16,5000,8,editorial_volume_distribution,EXACT_910_READY
RKF-16-17-S25,Treinos_15_16,5200,8,editorial_volume_distribution,EXACT_910_READY
RKF-16-17-S26,Treinos_15_16,5400,8,editorial_volume_distribution,EXACT_910_READY
RKF-16-17-S27,Treinos_15_16,5200,8,editorial_volume_distribution,EXACT_910_READY
RKF-16-17-S28,Treinos_15_16,5600,8,editorial_volume_distribution,EXACT_910_READY
RKF-16-17-S29,Treinos_15_16,5000,8,editorial_volume_distribution,EXACT_910_READY
RKF-16-17-S30,Treinos_15_16,5400,8,editorial_volume_distribution,EXACT_910_READY
RKF-16-17-EST-01,Treinos_16_17_Estilos,5200,8,already_exact_or_explicit_zero,EXACT_910_READY
RKF-16-17-EST-02,Treinos_16_17_Estilos,5400,8,already_exact_or_explicit_zero,EXACT_910_READY
RKF-16-17-EST-03,Treinos_16_17_Estilos,5000,8,already_exact_or_explicit_zero,EXACT_910_READY
RKF-16-17-EST-04,Treinos_16_17_Estilos,5200,9,already_exact_or_explicit_zero,EXACT_910_READY
RKF-16-17-EST-05,Treinos_16_17_Estilos,4800,8,already_exact_or_explicit_zero,EXACT_910_READY
RKF-16-17-EST-06,Treinos_16_17_Estilos,4950,8,already_exact_or_explicit_zero,EXACT_910_READY
RKF-16-17-EST-07,Treinos_16_17_Estilos,5000,8,already_exact_or_explicit_zero,EXACT_910_READY
RKF-16-17-EST-08,Treinos_16_17_Estilos,4800,8,already_exact_or_explicit_zero,EXACT_910_READY
RKF-16-17-EST-09,Treinos_16_17_Estilos,4400,8,already_exact_or_explicit_zero,EXACT_910_READY
RKF-16-17-EST-10,Treinos_16_17_Estilos,4500,9,already_exact_or_explicit_zero,EXACT_910_READY
RKF-16-17-EST-11,Treinos_16_17_Estilos,4600,9,already_exact_or_explicit_zero,EXACT_910_READY
RKF-16-17-EST-12,Treinos_16_17_Estilos,4600,9,already_exact_or_explicit_zero,EXACT_910_READY
RKF-16-17-EST-13,Treinos_16_17_Estilos,5000,8,already_exact_or_explicit_zero,EXACT_910_READY
RKF-16-17-EST-14,Treinos_16_17_Estilos,5200,8,already_exact_or_explicit_zero,EXACT_910_READY
RKF-16-17-EST-15,Treinos_16_17_Estilos,4600,9,already_exact_or_explicit_zero,EXACT_910_READY
RKF-16-17-EST-16,Treinos_16_17_Estilos,4800,8,already_exact_or_explicit_zero,EXACT_910_READY
RKF-16-17-EST-17,Treinos_16_17_Estilos,5000,9,already_exact_or_explicit_zero,EXACT_910_READY
RKF-16-17-EST-18,Treinos_16_17_Estilos,5000,9,already_exact_or_explicit_zero,EXACT_910_READY
RKF-16-17-EST-19,Treinos_16_17_Estilos,5000,9,already_exact_or_explicit_zero,EXACT_910_READY
RKF-16-17-EST-20,Treinos_16_17_Estilos,5200,9,already_exact_or_explicit_zero,EXACT_910_READY
RKF-16-17-EST-21,Treinos_16_17_Estilos,5000,8,already_exact_or_explicit_zero,EXACT_910_READY
RKF-16-17-EST-22,Treinos_16_17_Estilos,5000,8,already_exact_or_explicit_zero,EXACT_910_READY
RKF-16-17-EST-23,Treinos_16_17_Estilos,4800,8,already_exact_or_explicit_zero,EXACT_910_READY
RKF-16-17-EST-24,Treinos_16_17_Estilos,5000,8,already_exact_or_explicit_zero,EXACT_910_READY
RKF-16-17-EST-25,Treinos_16_17_Estilos,4800,8,already_exact_or_explicit_zero,EXACT_910_READY
RKF-16-17-EST-26,Treinos_16_17_Estilos,5000,8,already_exact_or_explicit_zero,EXACT_910_READY
RKF-16-17-EST-27,Treinos_16_17_Estilos,4600,9,already_exact_or_explicit_zero,EXACT_910_READY
RKF-16-17-EST-28,Treinos_16_17_Estilos,4800,9,already_exact_or_explicit_zero,EXACT_910_READY
RKF-16-17-EST-29,Treinos_16_17_Estilos,5200,10,added_residual_block,EXACT_910_READY
RKF-16-17-EST-30,Treinos_16_17_Estilos,5200,10,added_residual_block,EXACT_910_READY
RKF-18+-FUN-01,Treinos_18_Mais_Fundo,8400,7,already_exact_or_explicit_zero,EXACT_910_READY
RKF-18+-FUN-02,Treinos_18_Mais_Fundo,8000,8,already_exact_or_explicit_zero,EXACT_910_READY
RKF-18+-FUN-03,Treinos_18_Mais_Fundo,8400,9,already_exact_or_explicit_zero,EXACT_910_READY
RKF-18+-FUN-04,Treinos_18_Mais_Fundo,8400,8,already_exact_or_explicit_zero,EXACT_910_READY
RKF-18+-FUN-05,Treinos_18_Mais_Fundo,8000,8,already_exact_or_explicit_zero,EXACT_910_READY
RKF-18+-FUN-06,Treinos_18_Mais_Fundo,8800,8,already_exact_or_explicit_zero,EXACT_910_READY
RKF-18+-FUN-07,Treinos_18_Mais_Fundo,8200,8,already_exact_or_explicit_zero,EXACT_910_READY
RKF-18+-FUN-08,Treinos_18_Mais_Fundo,8000,8,already_exact_or_explicit_zero,EXACT_910_READY
RKF-18+-FUN-09,Treinos_18_Mais_Fundo,8200,8,already_exact_or_explicit_zero,EXACT_910_READY
RKF-18+-FUN-10,Treinos_18_Mais_Fundo,8000,8,already_exact_or_explicit_zero,EXACT_910_READY
RKF-18+-FUN-11,Treinos_18_Mais_Fundo,8000,8,already_exact_or_explicit_zero,EXACT_910_READY
RKF-18+-FUN-12,Treinos_18_Mais_Fundo,8400,8,already_exact_or_explicit_zero,EXACT_910_READY
RKF-18+-FUN-13,Treinos_18_Mais_Fundo,8000,8,already_exact_or_explicit_zero,EXACT_910_READY
RKF-18+-FUN-14,Treinos_18_Mais_Fundo,8000,8,already_exact_or_explicit_zero,EXACT_910_READY
RKF-18+-FUN-15,Treinos_18_Mais_Fundo,8400,8,already_exact_or_explicit_zero,EXACT_910_READY
RKF-18+-FUN-16,Treinos_18_Mais_Fundo,8200,9,already_exact_or_explicit_zero,EXACT_910_READY
RKF-18+-FUN-17,Treinos_18_Mais_Fundo,7800,9,already_exact_or_explicit_zero,EXACT_910_READY
RKF-18+-FUN-18,Treinos_18_Mais_Fundo,8000,8,already_exact_or_explicit_zero,EXACT_910_READY
RKF-18+-FUN-19,Treinos_18_Mais_Fundo,8000,8,already_exact_or_explicit_zero,EXACT_910_READY
RKF-18+-FUN-20,Treinos_18_Mais_Fundo,9000,10,added_residual_block,EXACT_910_READY
RKF-18+-A1-01,Treinos_18_Mais_A1_Engine,10000,7,split_pipe,EXACT_910_READY
RKF-18+-A1-02,Treinos_18_Mais_A1_Engine,9000,7,split_pipe,EXACT_910_READY
RKF-18+-A1-03,Treinos_18_Mais_A1_Engine,9200,7,split_pipe,EXACT_910_READY
RKF-18+-A1-04,Treinos_18_Mais_A1_Engine,8800,7,split_pipe,EXACT_910_READY
RKF-18+-A1-05,Treinos_18_Mais_A1_Engine,10000,6,split_pipe,EXACT_910_READY
RKF-18+-A1-06,Treinos_18_Mais_A1_Engine,9000,6,split_pipe,EXACT_910_READY
RKF-18+-A1-07,Treinos_18_Mais_A1_Engine,8800,7,split_pipe,EXACT_910_READY
RKF-18+-A1-08,Treinos_18_Mais_A1_Engine,9000,6,split_pipe,EXACT_910_READY
RKF-18+-A1-09,Treinos_18_Mais_A1_Engine,8400,6,split_pipe,EXACT_910_READY
RKF-18+-A1-10,Treinos_18_Mais_A1_Engine,8800,7,split_pipe,EXACT_910_READY
RKF-18+-A1-11,Treinos_18_Mais_A1_Engine,8000,6,split_pipe,EXACT_910_READY
RKF-18+-A1-12,Treinos_18_Mais_A1_Engine,8400,6,split_pipe,EXACT_910_READY
RKF-18+-A1-13,Treinos_18_Mais_A1_Engine,8000,7,split_pipe,EXACT_910_READY
RKF-18+-A1-14,Treinos_18_Mais_A1_Engine,9600,7,split_pipe,EXACT_910_READY
RKF-18+-A1-15,Treinos_18_Mais_A1_Engine,9200,7,split_pipe,EXACT_910_READY
RKF-18+-A1-16,Treinos_18_Mais_A1_Engine,8800,7,split_pipe,EXACT_910_READY
RKF-18+-A1-17,Treinos_18_Mais_A1_Engine,9000,7,split_pipe,EXACT_910_READY
RKF-18+-A1-18,Treinos_18_Mais_A1_Engine,8400,7,split_pipe,EXACT_910_READY
RKF-18+-A1-19,Treinos_18_Mais_A1_Engine,10000,7,split_pipe,EXACT_910_READY
RKF-18+-A1-20,Treinos_18_Mais_A1_Engine,10000,8,split_pipe,EXACT_910_READY
RKF-18+-MF-01,Treinos_18_Mais_MeioFundo,6400,8,residual_fill,EXACT_910_READY
RKF-18+-MF-02,Treinos_18_Mais_MeioFundo,5900,8,residual_fill,EXACT_910_READY
RKF-18+-MF-03,Treinos_18_Mais_MeioFundo,6400,8,residual_fill,EXACT_910_READY
RKF-18+-MF-04,Treinos_18_Mais_MeioFundo,6100,8,residual_fill,EXACT_910_READY
RKF-18+-MF-05,Treinos_18_Mais_MeioFundo,5800,8,residual_fill,EXACT_910_READY
RKF-18+-MF-06,Treinos_18_Mais_MeioFundo,6400,8,residual_fill,EXACT_910_READY
RKF-18+-MF-07,Treinos_18_Mais_MeioFundo,5900,8,residual_fill,EXACT_910_READY
RKF-18+-MF-08,Treinos_18_Mais_MeioFundo,5900,8,residual_fill,EXACT_910_READY
RKF-18+-MF-09,Treinos_18_Mais_MeioFundo,6400,8,residual_fill,EXACT_910_READY
RKF-18+-MF-10,Treinos_18_Mais_MeioFundo,6600,8,residual_fill,EXACT_910_READY
RKF-18+-MF-11,Treinos_18_Mais_MeioFundo,6200,8,residual_fill,EXACT_910_READY
RKF-18+-MF-12,Treinos_18_Mais_MeioFundo,5800,8,residual_fill,EXACT_910_READY
RKF-18+-MF-13,Treinos_18_Mais_MeioFundo,6000,8,residual_fill,EXACT_910_READY
RKF-18+-MF-14,Treinos_18_Mais_MeioFundo,6300,8,residual_fill,EXACT_910_READY
RKF-18+-MF-15,Treinos_18_Mais_MeioFundo,6400,8,residual_fill,EXACT_910_READY
RKF-18+-MF-16,Treinos_18_Mais_MeioFundo,6400,8,residual_fill,EXACT_910_READY
RKF-18+-MF-17,Treinos_18_Mais_MeioFundo,6400,8,residual_fill,EXACT_910_READY
RKF-18+-MF-18,Treinos_18_Mais_MeioFundo,6400,8,residual_fill,EXACT_910_READY
RKF-18+-MF-19,Treinos_18_Mais_MeioFundo,6400,8,residual_fill,EXACT_910_READY
RKF-18+-MF-20,Treinos_18_Mais_MeioFundo,6400,8,residual_fill,EXACT_910_READY
RKF-18+-MF-21,Treinos_18_Mais_MeioFundo,6400,8,residual_fill,EXACT_910_READY
RKF-18+-MF-22,Treinos_18_Mais_MeioFundo,6400,8,residual_fill,EXACT_910_READY
RKF-18+-MF-23,Treinos_18_Mais_MeioFundo,6400,8,residual_fill,EXACT_910_READY
RKF-18+-MF-24,Treinos_18_Mais_MeioFundo,6400,8,residual_fill,EXACT_910_READY
RKF-18+-MF-25,Treinos_18_Mais_MeioFundo,6400,8,residual_fill,EXACT_910_READY
RKF-18+-MF-26,Treinos_18_Mais_MeioFundo,6400,8,residual_fill,EXACT_910_READY
RKF-18+-MF-27,Treinos_18_Mais_MeioFundo,6400,8,residual_fill,EXACT_910_READY
RKF-18+-MF-28,Treinos_18_Mais_MeioFundo,6400,8,residual_fill,EXACT_910_READY
RKF-18+-MF-29,Treinos_18_Mais_MeioFundo,6400,8,residual_fill,EXACT_910_READY
RKF-18+-MF-30,Treinos_18_Mais_MeioFundo,6800,8,residual_fill,EXACT_910_READY
RKF-RRP-01,Treinos_RRP_RKF,7000,8,already_exact_or_explicit_zero,EXACT_910_READY
RKF-RRP-02,Treinos_RRP_RKF,7200,8,already_exact_or_explicit_zero,EXACT_910_READY
RKF-RRP-03,Treinos_RRP_RKF,8400,8,already_exact_or_explicit_zero,EXACT_910_READY
RKF-RRP-04,Treinos_RRP_RKF,7100,8,already_exact_or_explicit_zero,EXACT_910_READY
RKF-RRP-05,Treinos_RRP_RKF,7100,8,already_exact_or_explicit_zero,EXACT_910_READY
RKF-RRP-06,Treinos_RRP_RKF,7400,8,already_exact_or_explicit_zero,EXACT_910_READY
RKF-RRP-07,Treinos_RRP_RKF,7100,8,already_exact_or_explicit_zero,EXACT_910_READY
RKF-RRP-08,Treinos_RRP_RKF,7300,8,already_exact_or_explicit_zero,EXACT_910_READY
RKF-RRP-09,Treinos_RRP_RKF,7500,8,already_exact_or_explicit_zero,EXACT_910_READY
RKF-RRP-10,Treinos_RRP_RKF,7100,8,already_exact_or_explicit_zero,EXACT_910_READY
RKF-RRP-11,Treinos_RRP_RKF,7400,8,already_exact_or_explicit_zero,EXACT_910_READY
RKF-RRP-12,Treinos_RRP_RKF,7200,8,already_exact_or_explicit_zero,EXACT_910_READY
RKF-RRP-13,Treinos_RRP_RKF,8600,8,already_exact_or_explicit_zero,EXACT_910_READY
RKF-RRP-14,Treinos_RRP_RKF,8600,8,already_exact_or_explicit_zero,EXACT_910_READY
RKF-RRP-15,Treinos_RRP_RKF,7300,8,already_exact_or_explicit_zero,EXACT_910_READY
RKF-RRP-16,Treinos_RRP_RKF,7200,8,already_exact_or_explicit_zero,EXACT_910_READY
RKF-RRP-17,Treinos_RRP_RKF,7400,8,already_exact_or_explicit_zero,EXACT_910_READY
RKF-RRP-18,Treinos_RRP_RKF,8000,8,already_exact_or_explicit_zero,EXACT_910_READY
RKF-RRP-19,Treinos_RRP_RKF,7200,8,already_exact_or_explicit_zero,EXACT_910_READY
RKF-RRP-20,Treinos_RRP_RKF,8600,8,already_exact_or_explicit_zero,EXACT_910_READY
RKF-RRP50-100-01,Treinos_RRP50_100_RKF,7200,8,already_exact_or_explicit_zero,EXACT_910_READY
RKF-RRP50-100-02,Treinos_RRP50_100_RKF,7200,8,already_exact_or_explicit_zero,EXACT_910_READY
RKF-RRP50-100-03,Treinos_RRP50_100_RKF,7300,8,already_exact_or_explicit_zero,EXACT_910_READY
RKF-RRP50-100-04,Treinos_RRP50_100_RKF,7300,8,already_exact_or_explicit_zero,EXACT_910_READY
RKF-RRP50-100-05,Treinos_RRP50_100_RKF,7200,8,already_exact_or_explicit_zero,EXACT_910_READY
RKF-RRP50-100-06,Treinos_RRP50_100_RKF,7200,8,already_exact_or_explicit_zero,EXACT_910_READY
RKF-RRP50-100-07,Treinos_RRP50_100_RKF,7200,8,already_exact_or_explicit_zero,EXACT_910_READY
RKF-RRP50-100-08,Treinos_RRP50_100_RKF,7200,8,already_exact_or_explicit_zero,EXACT_910_READY
RKF-RRP50-100-09,Treinos_RRP50_100_RKF,7300,8,already_exact_or_explicit_zero,EXACT_910_READY
RKF-RRP50-100-10,Treinos_RRP50_100_RKF,7300,8,already_exact_or_explicit_zero,EXACT_910_READY
RKF-RRP50-100-11,Treinos_RRP50_100_RKF,7300,8,already_exact_or_explicit_zero,EXACT_910_READY
RKF-RRP50-100-12,Treinos_RRP50_100_RKF,7400,8,already_exact_or_explicit_zero,EXACT_910_READY
RKF-RRP50-100-13,Treinos_RRP50_100_RKF,7200,8,already_exact_or_explicit_zero,EXACT_910_READY
RKF-RRP50-100-14,Treinos_RRP50_100_RKF,7300,8,already_exact_or_explicit_zero,EXACT_910_READY
RKF-RRP50-100-15,Treinos_RRP50_100_RKF,7300,8,already_exact_or_explicit_zero,EXACT_910_READY
RKF-RRP50-100-16,Treinos_RRP50_100_RKF,7300,8,already_exact_or_explicit_zero,EXACT_910_READY
RKF-RRP50-100-17,Treinos_RRP50_100_RKF,7500,8,already_exact_or_explicit_zero,EXACT_910_READY
RKF-RRP50-100-18,Treinos_RRP50_100_RKF,7200,8,already_exact_or_explicit_zero,EXACT_910_READY
RKF-RRP50-100-19,Treinos_RRP50_100_RKF,7200,8,already_exact_or_explicit_zero,EXACT_910_READY
RKF-RRP50-100-20,Treinos_RRP50_100_RKF,7600,8,already_exact_or_explicit_zero,EXACT_910_READY
RKF-A3-EST-01,Treinos_A3_100_200_Estilo,5600,8,already_exact_or_explicit_zero,EXACT_910_READY
RKF-A3-EST-02,Treinos_A3_100_200_Estilo,5600,8,already_exact_or_explicit_zero,EXACT_910_READY
RKF-A3-EST-03,Treinos_A3_100_200_Estilo,5700,8,already_exact_or_explicit_zero,EXACT_910_READY
RKF-A3-EST-04,Treinos_A3_100_200_Estilo,5800,8,already_exact_or_explicit_zero,EXACT_910_READY
RKF-A3-EST-05,Treinos_A3_100_200_Estilo,5500,8,already_exact_or_explicit_zero,EXACT_910_READY
RKF-A3-EST-06,Treinos_A3_100_200_Estilo,5700,8,already_exact_or_explicit_zero,EXACT_910_READY
RKF-A3-EST-07,Treinos_A3_100_200_Estilo,5700,8,already_exact_or_explicit_zero,EXACT_910_READY
RKF-A3-EST-08,Treinos_A3_100_200_Estilo,5600,8,already_exact_or_explicit_zero,EXACT_910_READY
RKF-A3-EST-09,Treinos_A3_100_200_Estilo,5500,8,already_exact_or_explicit_zero,EXACT_910_READY
RKF-A3-EST-10,Treinos_A3_100_200_Estilo,5500,8,already_exact_or_explicit_zero,EXACT_910_READY
RKF-A3-EST-11,Treinos_A3_100_200_Estilo,5600,8,already_exact_or_explicit_zero,EXACT_910_READY
RKF-A3-EST-12,Treinos_A3_100_200_Estilo,5400,8,already_exact_or_explicit_zero,EXACT_910_READY
RKF-A3-EST-13,Treinos_A3_100_200_Estilo,5600,8,already_exact_or_explicit_zero,EXACT_910_READY
RKF-A3-EST-14,Treinos_A3_100_200_Estilo,5400,8,already_exact_or_explicit_zero,EXACT_910_READY
RKF-A3-EST-15,Treinos_A3_100_200_Estilo,5400,8,already_exact_or_explicit_zero,EXACT_910_READY
RKF-A3-EST-16,Treinos_A3_100_200_Estilo,5600,8,already_exact_or_explicit_zero,EXACT_910_READY
RKF-A3-EST-17,Treinos_A3_100_200_Estilo,5600,8,already_exact_or_explicit_zero,EXACT_910_READY
RKF-A3-EST-18,Treinos_A3_100_200_Estilo,5700,8,already_exact_or_explicit_zero,EXACT_910_READY
RKF-A3-EST-19,Treinos_A3_100_200_Estilo,5800,8,already_exact_or_explicit_zero,EXACT_910_READY
RKF-A3-EST-20,Treinos_A3_100_200_Estilo,6000,8,already_exact_or_explicit_zero,EXACT_910_READY
RKF-ANA-01,Treinos_Anaerobicos_RKF,3600,5,generic_warmup_800_prep_400,EXACT_910_READY
RKF-ANA-02,Treinos_Anaerobicos_RKF,3700,5,generic_warmup_800_prep_400,EXACT_910_READY
RKF-ANA-03,Treinos_Anaerobicos_RKF,3600,5,generic_warmup_800_prep_400,EXACT_910_READY
RKF-ANA-04,Treinos_Anaerobicos_RKF,3800,5,generic_warmup_800_prep_400,EXACT_910_READY
RKF-ANA-05,Treinos_Anaerobicos_RKF,3500,5,generic_warmup_800_prep_400,EXACT_910_READY
RKF-ANA-06,Treinos_Anaerobicos_RKF,3600,5,generic_warmup_800_prep_400,EXACT_910_READY
RKF-ANA-07,Treinos_Anaerobicos_RKF,3700,5,generic_warmup_800_prep_400,EXACT_910_READY
RKF-ANA-08,Treinos_Anaerobicos_RKF,3700,5,generic_warmup_800_prep_400,EXACT_910_READY
RKF-ANA-09,Treinos_Anaerobicos_RKF,3900,5,generic_warmup_800_prep_400,EXACT_910_READY
RKF-ANA-10,Treinos_Anaerobicos_RKF,4100,5,generic_warmup_800_prep_400,EXACT_910_READY
RKF-ANA-11,Treinos_Anaerobicos_RKF,3200,5,generic_warmup_800_prep_400,EXACT_910_READY
RKF-ANA-12,Treinos_Anaerobicos_RKF,3600,5,generic_warmup_800_prep_400,EXACT_910_READY
RKF-ANA-13,Treinos_Anaerobicos_RKF,3625,5,generic_warmup_800_prep_400,EXACT_910_READY
RKF-ANA-14,Treinos_Anaerobicos_RKF,3500,5,generic_warmup_800_prep_400,EXACT_910_READY
RKF-ANA-15,Treinos_Anaerobicos_RKF,3700,5,generic_warmup_800_prep_400,EXACT_910_READY
RKF-ANA-16,Treinos_Anaerobicos_RKF,3900,5,generic_warmup_800_prep_400,EXACT_910_READY
RKF-ANA-17,Treinos_Anaerobicos_RKF,3200,5,generic_warmup_800_prep_400,EXACT_910_READY
RKF-ANA-18,Treinos_Anaerobicos_RKF,4000,5,generic_warmup_800_prep_400,EXACT_910_READY
RKF-ANA-19,Treinos_Anaerobicos_RKF,3900,5,generic_warmup_800_prep_400,EXACT_910_READY
RKF-ANA-20,Treinos_Anaerobicos_RKF,3800,5,generic_warmup_800_prep_400,EXACT_910_READY
RKF-ANA-21,Treinos_Anaerobicos_RKF,3000,5,generic_warmup_800_prep_400,EXACT_910_READY
RKF-ANA-22,Treinos_Anaerobicos_RKF,3400,5,generic_warmup_800_prep_400,EXACT_910_READY
RKF-ANA-23,Treinos_Anaerobicos_RKF,3400,5,generic_warmup_800_prep_400,EXACT_910_READY
RKF-ANA-24,Treinos_Anaerobicos_RKF,3100,5,generic_warmup_800_prep_400,EXACT_910_READY
RKF-ANA-25,Treinos_Anaerobicos_RKF,3000,5,generic_warmup_800_prep_400,EXACT_910_READY
RKF-ANA-26,Treinos_Anaerobicos_RKF,3400,5,generic_warmup_800_prep_400,EXACT_910_READY
RKF-ANA-27,Treinos_Anaerobicos_RKF,3500,5,generic_warmup_800_prep_400,EXACT_910_READY
RKF-ANA-28,Treinos_Anaerobicos_RKF,3300,5,generic_warmup_800_prep_400,EXACT_910_READY
RKF-ANA-29,Treinos_Anaerobicos_RKF,3700,5,generic_warmup_800_prep_400,EXACT_910_READY
RKF-ANA-30,Treinos_Anaerobicos_RKF,3800,5,generic_warmup_800_prep_400,EXACT_910_READY
RKF-VALAT-01,Treinos_VALAT_RKF,3200,8,session_total_corrected_from_architecture,EXACT_910_READY
RKF-VALAT-02,Treinos_VALAT_RKF,3600,8,session_total_corrected_from_architecture,EXACT_910_READY
RKF-VALAT-03,Treinos_VALAT_RKF,3400,8,session_total_corrected_from_architecture,EXACT_910_READY
RKF-VALAT-04,Treinos_VALAT_RKF,3200,7,session_total_corrected_from_architecture,EXACT_910_READY
RKF-VALAT-05,Treinos_VALAT_RKF,3100,7,session_total_corrected_from_architecture,EXACT_910_READY
RKF-VALAT-06,Treinos_VALAT_RKF,3200,8,session_total_corrected_from_architecture,EXACT_910_READY
RKF-VALAT-07,Treinos_VALAT_RKF,3100,7,session_total_corrected_from_architecture,EXACT_910_READY
RKF-VALAT-08,Treinos_VALAT_RKF,3100,8,session_total_corrected_from_architecture,EXACT_910_READY
RKF-VALAT-09,Treinos_VALAT_RKF,3000,7,session_total_corrected_from_architecture,EXACT_910_READY
RKF-VALAT-10,Treinos_VALAT_RKF,3400,8,session_total_corrected_from_architecture,EXACT_910_READY
RKF-VALAT-11,Treinos_VALAT_RKF,3500,8,session_total_corrected_from_architecture,EXACT_910_READY
RKF-VALAT-12,Treinos_VALAT_RKF,3300,7,session_total_corrected_from_architecture,EXACT_910_READY
RKF-VALAT-13,Treinos_VALAT_RKF,3600,8,session_total_corrected_from_architecture,EXACT_910_READY
RKF-VALAT-14,Treinos_VALAT_RKF,3100,8,session_total_corrected_from_architecture,EXACT_910_READY
RKF-VALAT-15,Treinos_VALAT_RKF,3800,7,session_total_corrected_from_architecture,EXACT_910_READY
RKF-VALAT-16,Treinos_VALAT_RKF,3200,8,session_total_corrected_from_architecture,EXACT_910_READY
RKF-VALAT-17,Treinos_VALAT_RKF,3600,9,session_total_corrected_from_architecture,EXACT_910_READY
RKF-VALAT-18,Treinos_VALAT_RKF,3700,10,session_total_corrected_from_architecture,EXACT_910_READY
RKF-VALAT-19,Treinos_VALAT_RKF,3500,8,session_total_corrected_from_architecture,EXACT_910_READY
RKF-VALAT-20,Treinos_VALAT_RKF,4100,12,session_total_corrected_from_architecture,EXACT_910_READY
RKF-REG-01,Treinos_Regenerativos_RKF,3600,6,split_architecture,EXACT_910_READY
RKF-REG-02,Treinos_Regenerativos_RKF,4000,5,split_architecture,EXACT_910_READY
RKF-REG-03,Treinos_Regenerativos_RKF,3800,6,split_architecture|added_residual_block,EXACT_910_READY
RKF-REG-04,Treinos_Regenerativos_RKF,5000,6,split_architecture|added_residual_block,EXACT_910_READY
RKF-REG-05,Treinos_Regenerativos_RKF,3500,6,split_architecture|added_residual_block,EXACT_910_READY
RKF-REG-06,Treinos_Regenerativos_RKF,4000,5,split_architecture|added_residual_block,EXACT_910_READY
RKF-REG-07,Treinos_Regenerativos_RKF,3500,6,split_architecture|added_residual_block,EXACT_910_READY
RKF-REG-08,Treinos_Regenerativos_RKF,3800,5,split_architecture|added_residual_block,EXACT_910_READY
RKF-REG-09,Treinos_Regenerativos_RKF,4200,4,split_architecture|added_residual_block,EXACT_910_READY
RKF-REG-10,Treinos_Regenerativos_RKF,4000,5,split_architecture|added_residual_block,EXACT_910_READY
RKF-REG-11,Treinos_Regenerativos_RKF,3600,2,split_architecture|added_residual_block,EXACT_910_READY
RKF-REG-12,Treinos_Regenerativos_RKF,3500,5,split_architecture|added_residual_block,EXACT_910_READY
RKF-REG-13,Treinos_Regenerativos_RKF,4000,5,split_architecture|added_residual_block,EXACT_910_READY
RKF-REG-14,Treinos_Regenerativos_RKF,4000,2,split_architecture|added_residual_block,EXACT_910_READY
RKF-REG-15,Treinos_Regenerativos_RKF,4800,2,added_residual_block,EXACT_910_READY
RKF-REG-16,Treinos_Regenerativos_RKF,3700,3,split_architecture|added_residual_block,EXACT_910_READY
RKF-REG-17,Treinos_Regenerativos_RKF,4000,5,split_architecture|added_residual_block,EXACT_910_READY
RKF-REG-18,Treinos_Regenerativos_RKF,3500,2,added_residual_block,EXACT_910_READY
RKF-REG-19,Treinos_Regenerativos_RKF,4500,3,split_architecture|added_residual_block,EXACT_910_READY
RKF-REG-20,Treinos_Regenerativos_RKF,5000,7,split_architecture,EXACT_910_READY
RKF-A2-10-13-01,A2_10_13_RKF,3500,8,residual_fill,EXACT_910_READY
RKF-A2-10-13-02,A2_10_13_RKF,3600,8,residual_fill,EXACT_910_READY
RKF-A2-10-13-03,A2_10_13_RKF,3700,8,residual_fill,EXACT_910_READY
RKF-A2-10-13-04,A2_10_13_RKF,3700,8,residual_fill,EXACT_910_READY
RKF-A2-10-13-05,A2_10_13_RKF,3600,8,residual_fill,EXACT_910_READY
RKF-A2-10-13-06,A2_10_13_RKF,3800,8,residual_fill,EXACT_910_READY
RKF-A2-10-13-07,A2_10_13_RKF,3500,8,residual_fill,EXACT_910_READY
RKF-A2-10-13-08,A2_10_13_RKF,3900,8,residual_fill,EXACT_910_READY
RKF-A2-10-13-09,A2_10_13_RKF,3700,8,residual_fill,EXACT_910_READY
RKF-A2-10-13-10,A2_10_13_RKF,4000,8,residual_fill,EXACT_910_READY
RKF-A2-14-16-11,A2_14_16_RKF,6000,8,already_exact_or_explicit_zero,EXACT_910_READY
RKF-A2-14-16-12,A2_14_16_RKF,6000,8,residual_fill,EXACT_910_READY
RKF-A2-14-16-13,A2_14_16_RKF,6000,8,already_exact_or_explicit_zero,EXACT_910_READY
RKF-A2-14-16-14,A2_14_16_RKF,6000,8,already_exact_or_explicit_zero,EXACT_910_READY
RKF-A2-14-16-15,A2_14_16_RKF,6000,8,residual_fill,EXACT_910_READY
RKF-A2-14-16-16,A2_14_16_RKF,6000,8,residual_fill,EXACT_910_READY
RKF-A2-14-16-17,A2_14_16_RKF,6000,8,residual_fill,EXACT_910_READY
RKF-A2-14-16-18,A2_14_16_RKF,6000,8,already_exact_or_explicit_zero,EXACT_910_READY
RKF-A2-14-16-19,A2_14_16_RKF,6000,8,residual_fill,EXACT_910_READY
RKF-A2-14-16-20,A2_14_16_RKF,6000,8,already_exact_or_explicit_zero,EXACT_910_READY
RKF-SPR-18-24-01,Treinos_Sprint_18_24_RKF,3800,7,already_exact_or_explicit_zero,EXACT_910_READY
RKF-SPR-18-24-02,Treinos_Sprint_18_24_RKF,4200,7,already_exact_or_explicit_zero,EXACT_910_READY
RKF-SPR-18-24-03,Treinos_Sprint_18_24_RKF,3400,7,already_exact_or_explicit_zero,EXACT_910_READY
RKF-SPR-18-24-04,Treinos_Sprint_18_24_RKF,4000,7,already_exact_or_explicit_zero,EXACT_910_READY
RKF-SPR-18-24-05,Treinos_Sprint_18_24_RKF,3800,7,already_exact_or_explicit_zero,EXACT_910_READY
RKF-SPR-18-24-06,Treinos_Sprint_18_24_RKF,4200,7,already_exact_or_explicit_zero,EXACT_910_READY
RKF-SPR-18-24-07,Treinos_Sprint_18_24_RKF,4000,7,already_exact_or_explicit_zero,EXACT_910_READY
RKF-SPR-18-24-08,Treinos_Sprint_18_24_RKF,3200,7,already_exact_or_explicit_zero,EXACT_910_READY
RKF-SPR-18-24-09,Treinos_Sprint_18_24_RKF,3800,7,already_exact_or_explicit_zero,EXACT_910_READY
RKF-SPR-18-24-10,Treinos_Sprint_18_24_RKF,3400,7,already_exact_or_explicit_zero,EXACT_910_READY
RKF-SPR-18-24-11,Treinos_Sprint_18_24_RKF,4200,7,already_exact_or_explicit_zero,EXACT_910_READY
RKF-SPR-18-24-12,Treinos_Sprint_18_24_RKF,3600,7,already_exact_or_explicit_zero,EXACT_910_READY
RKF-SPR-18-24-13,Treinos_Sprint_18_24_RKF,3900,7,already_exact_or_explicit_zero,EXACT_910_READY
RKF-SPR-18-24-14,Treinos_Sprint_18_24_RKF,3600,7,already_exact_or_explicit_zero,EXACT_910_READY
RKF-SPR-18-24-15,Treinos_Sprint_18_24_RKF,3500,7,already_exact_or_explicit_zero,EXACT_910_READY
RKF-SPR-18-24-16,Treinos_Sprint_18_24_RKF,3600,7,already_exact_or_explicit_zero,EXACT_910_READY
RKF-SPR-18-24-17,Treinos_Sprint_18_24_RKF,3900,7,already_exact_or_explicit_zero,EXACT_910_READY
RKF-SPR-18-24-18,Treinos_Sprint_18_24_RKF,3200,7,already_exact_or_explicit_zero,EXACT_910_READY
RKF-SPR-18-24-19,Treinos_Sprint_18_24_RKF,4000,7,already_exact_or_explicit_zero,EXACT_910_READY
RKF-SPR-18-24-20,Treinos_Sprint_18_24_RKF,3600,7,already_exact_or_explicit_zero,EXACT_910_READY
RKF-MAST-SPR-01,Treinos_Master_Velocidade_RKF,1800,7,already_exact_or_explicit_zero,EXACT_910_READY
RKF-MAST-SPR-02,Treinos_Master_Velocidade_RKF,2000,7,already_exact_or_explicit_zero,EXACT_910_READY
RKF-MAST-SPR-03,Treinos_Master_Velocidade_RKF,1600,7,already_exact_or_explicit_zero,EXACT_910_READY
RKF-MAST-SPR-04,Treinos_Master_Velocidade_RKF,1900,7,already_exact_or_explicit_zero,EXACT_910_READY
RKF-MAST-SPR-05,Treinos_Master_Velocidade_RKF,1800,7,already_exact_or_explicit_zero,EXACT_910_READY
RKF-MAST-SPR-06,Treinos_Master_Velocidade_RKF,1800,7,already_exact_or_explicit_zero,EXACT_910_READY
RKF-MAST-SPR-07,Treinos_Master_Velocidade_RKF,1900,7,already_exact_or_explicit_zero,EXACT_910_READY
RKF-MAST-SPR-08,Treinos_Master_Velocidade_RKF,1500,7,already_exact_or_explicit_zero,EXACT_910_READY
RKF-MAST-SPR-09,Treinos_Master_Velocidade_RKF,1800,7,already_exact_or_explicit_zero,EXACT_910_READY
RKF-MAST-SPR-10,Treinos_Master_Velocidade_RKF,1600,7,already_exact_or_explicit_zero,EXACT_910_READY
RKF-MAST-SPR-11,Treinos_Master_Velocidade_RKF,2000,7,already_exact_or_explicit_zero,EXACT_910_READY
RKF-MAST-SPR-12,Treinos_Master_Velocidade_RKF,1700,7,already_exact_or_explicit_zero,EXACT_910_READY
RKF-MAST-SPR-13,Treinos_Master_Velocidade_RKF,1800,7,already_exact_or_explicit_zero,EXACT_910_READY
RKF-MAST-SPR-14,Treinos_Master_Velocidade_RKF,1800,7,already_exact_or_explicit_zero,EXACT_910_READY
RKF-MAST-SPR-15,Treinos_Master_Velocidade_RKF,1700,7,already_exact_or_explicit_zero,EXACT_910_READY
RKF-MAST-SPR-16,Treinos_Master_Velocidade_RKF,1500,7,already_exact_or_explicit_zero,EXACT_910_READY
RKF-MAST-SPR-17,Treinos_Master_Velocidade_RKF,1900,7,already_exact_or_explicit_zero,EXACT_910_READY
RKF-MAST-SPR-18,Treinos_Master_Velocidade_RKF,1500,7,already_exact_or_explicit_zero,EXACT_910_READY
RKF-MAST-SPR-19,Treinos_Master_Velocidade_RKF,1900,7,already_exact_or_explicit_zero,EXACT_910_READY
RKF-MAST-SPR-20,Treinos_Master_Velocidade_RKF,1800,7,already_exact_or_explicit_zero,EXACT_910_READY
RKF-MAST-FUNDO-01,Treinos_Master_Fundo_RKF,3200,7,already_exact_or_explicit_zero,EXACT_910_READY
RKF-MAST-FUNDO-02,Treinos_Master_Fundo_RKF,3400,7,already_exact_or_explicit_zero,EXACT_910_READY
RKF-MAST-FUNDO-03,Treinos_Master_Fundo_RKF,3600,7,already_exact_or_explicit_zero,EXACT_910_READY
RKF-MAST-FUNDO-04,Treinos_Master_Fundo_RKF,3000,7,already_exact_or_explicit_zero,EXACT_910_READY
RKF-MAST-FUNDO-05,Treinos_Master_Fundo_RKF,3800,7,already_exact_or_explicit_zero,EXACT_910_READY
RKF-MAST-FUNDO-06,Treinos_Master_Fundo_RKF,3000,7,already_exact_or_explicit_zero,EXACT_910_READY
RKF-MAST-FUNDO-07,Treinos_Master_Fundo_RKF,3400,7,already_exact_or_explicit_zero,EXACT_910_READY
RKF-MAST-FUNDO-08,Treinos_Master_Fundo_RKF,3700,7,already_exact_or_explicit_zero,EXACT_910_READY
RKF-MAST-FUNDO-09,Treinos_Master_Fundo_RKF,3200,7,already_exact_or_explicit_zero,EXACT_910_READY
RKF-MAST-FUNDO-10,Treinos_Master_Fundo_RKF,3200,7,already_exact_or_explicit_zero,EXACT_910_READY
RKF-MAST-FUNDO-11,Treinos_Master_Fundo_RKF,3600,7,already_exact_or_explicit_zero,EXACT_910_READY
RKF-MAST-FUNDO-12,Treinos_Master_Fundo_RKF,3400,7,already_exact_or_explicit_zero,EXACT_910_READY
RKF-MAST-FUNDO-13,Treinos_Master_Fundo_RKF,3500,7,already_exact_or_explicit_zero,EXACT_910_READY
RKF-MAST-FUNDO-14,Treinos_Master_Fundo_RKF,3400,7,already_exact_or_explicit_zero,EXACT_910_READY
RKF-MAST-FUNDO-15,Treinos_Master_Fundo_RKF,3300,7,already_exact_or_explicit_zero,EXACT_910_READY
RKF-MAST-FUNDO-16,Treinos_Master_Fundo_RKF,2800,7,already_exact_or_explicit_zero,EXACT_910_READY
RKF-MAST-FUNDO-17,Treinos_Master_Fundo_RKF,3300,7,already_exact_or_explicit_zero,EXACT_910_READY
RKF-MAST-FUNDO-18,Treinos_Master_Fundo_RKF,3000,7,already_exact_or_explicit_zero,EXACT_910_READY
RKF-MAST-FUNDO-19,Treinos_Master_Fundo_RKF,3600,7,already_exact_or_explicit_zero,EXACT_910_READY
RKF-MAST-FUNDO-20,Treinos_Master_Fundo_RKF,4000,7,already_exact_or_explicit_zero,EXACT_910_READY
RKF-MAST-FUNDO-21,Treinos_Master_Fundo_RKF,3200,7,already_exact_or_explicit_zero,EXACT_910_READY
RKF-MAST-FUNDO-22,Treinos_Master_Fundo_RKF,3500,7,already_exact_or_explicit_zero,EXACT_910_READY
RKF-MAST-FUNDO-23,Treinos_Master_Fundo_RKF,3200,7,already_exact_or_explicit_zero,EXACT_910_READY
RKF-MAST-FUNDO-24,Treinos_Master_Fundo_RKF,3500,7,already_exact_or_explicit_zero,EXACT_910_READY
RKF-MAST-FUNDO-25,Treinos_Master_Fundo_RKF,3300,7,already_exact_or_explicit_zero,EXACT_910_READY
RKF-MAST-FUNDO-26,Treinos_Master_Fundo_RKF,3300,7,already_exact_or_explicit_zero,EXACT_910_READY
RKF-MAST-FUNDO-27,Treinos_Master_Fundo_RKF,3400,7,already_exact_or_explicit_zero,EXACT_910_READY
RKF-MAST-FUNDO-28,Treinos_Master_Fundo_RKF,3200,7,already_exact_or_explicit_zero,EXACT_910_READY
RKF-MAST-FUNDO-29,Treinos_Master_Fundo_RKF,4000,7,already_exact_or_explicit_zero,EXACT_910_READY
RKF-MAST-FUNDO-30,Treinos_Master_Fundo_RKF,4000,7,already_exact_or_explicit_zero,EXACT_910_READY
RKF-MAST-NC-001,Treinos_Master_NaoCompet_RKF,1500,7,already_exact_or_explicit_zero,EXACT_910_READY
RKF-MAST-NC-002,Treinos_Master_NaoCompet_RKF,1600,7,already_exact_or_explicit_zero,EXACT_910_READY
RKF-MAST-NC-003,Treinos_Master_NaoCompet_RKF,1700,7,already_exact_or_explicit_zero,EXACT_910_READY
RKF-MAST-NC-004,Treinos_Master_NaoCompet_RKF,1800,7,already_exact_or_explicit_zero,EXACT_910_READY
RKF-MAST-NC-005,Treinos_Master_NaoCompet_RKF,1900,7,already_exact_or_explicit_zero,EXACT_910_READY
RKF-MAST-NC-006,Treinos_Master_NaoCompet_RKF,2000,7,already_exact_or_explicit_zero,EXACT_910_READY
RKF-MAST-NC-007,Treinos_Master_NaoCompet_RKF,1600,7,already_exact_or_explicit_zero,EXACT_910_READY
RKF-MAST-NC-008,Treinos_Master_NaoCompet_RKF,1800,7,already_exact_or_explicit_zero,EXACT_910_READY
RKF-MAST-NC-009,Treinos_Master_NaoCompet_RKF,1700,7,already_exact_or_explicit_zero,EXACT_910_READY
RKF-MAST-NC-010,Treinos_Master_NaoCompet_RKF,1900,7,already_exact_or_explicit_zero,EXACT_910_READY
RKF-MAST-NC-011,Treinos_Master_NaoCompet_RKF,1500,7,already_exact_or_explicit_zero,EXACT_910_READY
RKF-MAST-NC-012,Treinos_Master_NaoCompet_RKF,1600,7,already_exact_or_explicit_zero,EXACT_910_READY
RKF-MAST-NC-013,Treinos_Master_NaoCompet_RKF,1700,7,already_exact_or_explicit_zero,EXACT_910_READY
RKF-MAST-NC-014,Treinos_Master_NaoCompet_RKF,1800,7,already_exact_or_explicit_zero,EXACT_910_READY
RKF-MAST-NC-015,Treinos_Master_NaoCompet_RKF,1900,7,already_exact_or_explicit_zero,EXACT_910_READY
RKF-MAST-NC-016,Treinos_Master_NaoCompet_RKF,2000,7,already_exact_or_explicit_zero,EXACT_910_READY
RKF-MAST-NC-017,Treinos_Master_NaoCompet_RKF,1600,7,already_exact_or_explicit_zero,EXACT_910_READY
RKF-MAST-NC-018,Treinos_Master_NaoCompet_RKF,1800,7,already_exact_or_explicit_zero,EXACT_910_READY
RKF-MAST-NC-019,Treinos_Master_NaoCompet_RKF,1700,7,already_exact_or_explicit_zero,EXACT_910_READY
RKF-MAST-NC-020,Treinos_Master_NaoCompet_RKF,1900,7,already_exact_or_explicit_zero,EXACT_910_READY
RKF-MAST-NC-021,Treinos_Master_NaoCompet_RKF,1500,7,already_exact_or_explicit_zero,EXACT_910_READY
RKF-MAST-NC-022,Treinos_Master_NaoCompet_RKF,1600,7,already_exact_or_explicit_zero,EXACT_910_READY
RKF-MAST-NC-023,Treinos_Master_NaoCompet_RKF,1700,7,already_exact_or_explicit_zero,EXACT_910_READY
RKF-MAST-NC-024,Treinos_Master_NaoCompet_RKF,1800,7,already_exact_or_explicit_zero,EXACT_910_READY
RKF-MAST-NC-025,Treinos_Master_NaoCompet_RKF,1900,7,already_exact_or_explicit_zero,EXACT_910_READY
RKF-MAST-NC-026,Treinos_Master_NaoCompet_RKF,2000,7,already_exact_or_explicit_zero,EXACT_910_READY
RKF-MAST-NC-027,Treinos_Master_NaoCompet_RKF,1600,7,already_exact_or_explicit_zero,EXACT_910_READY
RKF-MAST-NC-028,Treinos_Master_NaoCompet_RKF,1800,7,already_exact_or_explicit_zero,EXACT_910_READY
RKF-MAST-NC-029,Treinos_Master_NaoCompet_RKF,1700,7,already_exact_or_explicit_zero,EXACT_910_READY
RKF-MAST-NC-030,Treinos_Master_NaoCompet_RKF,1900,7,already_exact_or_explicit_zero,EXACT_910_READY
RKF-MAST-NC-031,Treinos_Master_NaoCompet_RKF,1500,7,already_exact_or_explicit_zero,EXACT_910_READY
RKF-MAST-NC-032,Treinos_Master_NaoCompet_RKF,1600,7,already_exact_or_explicit_zero,EXACT_910_READY
RKF-MAST-NC-033,Treinos_Master_NaoCompet_RKF,1700,7,already_exact_or_explicit_zero,EXACT_910_READY
RKF-MAST-NC-034,Treinos_Master_NaoCompet_RKF,1800,7,already_exact_or_explicit_zero,EXACT_910_READY
RKF-MAST-NC-035,Treinos_Master_NaoCompet_RKF,1900,7,already_exact_or_explicit_zero,EXACT_910_READY
RKF-MAST-NC-036,Treinos_Master_NaoCompet_RKF,2000,7,already_exact_or_explicit_zero,EXACT_910_READY
RKF-MAST-NC-037,Treinos_Master_NaoCompet_RKF,1600,7,already_exact_or_explicit_zero,EXACT_910_READY
RKF-MAST-NC-038,Treinos_Master_NaoCompet_RKF,1800,7,already_exact_or_explicit_zero,EXACT_910_READY
RKF-MAST-NC-039,Treinos_Master_NaoCompet_RKF,1700,7,already_exact_or_explicit_zero,EXACT_910_READY
RKF-MAST-NC-040,Treinos_Master_NaoCompet_RKF,1900,7,already_exact_or_explicit_zero,EXACT_910_READY
RKF-MAST-NC-041,Treinos_Master_NaoCompet_RKF,1500,7,already_exact_or_explicit_zero,EXACT_910_READY
RKF-MAST-NC-042,Treinos_Master_NaoCompet_RKF,1600,7,already_exact_or_explicit_zero,EXACT_910_READY
RKF-MAST-NC-043,Treinos_Master_NaoCompet_RKF,1700,7,already_exact_or_explicit_zero,EXACT_910_READY
RKF-MAST-NC-044,Treinos_Master_NaoCompet_RKF,1800,7,already_exact_or_explicit_zero,EXACT_910_READY
RKF-MAST-NC-045,Treinos_Master_NaoCompet_RKF,1900,7,already_exact_or_explicit_zero,EXACT_910_READY
RKF-MAST-NC-046,Treinos_Master_NaoCompet_RKF,2000,7,already_exact_or_explicit_zero,EXACT_910_READY
RKF-MAST-NC-047,Treinos_Master_NaoCompet_RKF,1600,7,already_exact_or_explicit_zero,EXACT_910_READY
RKF-MAST-NC-048,Treinos_Master_NaoCompet_RKF,1800,7,already_exact_or_explicit_zero,EXACT_910_READY
RKF-MAST-NC-049,Treinos_Master_NaoCompet_RKF,1700,7,already_exact_or_explicit_zero,EXACT_910_READY
RKF-MAST-NC-050,Treinos_Master_NaoCompet_RKF,1900,7,already_exact_or_explicit_zero,EXACT_910_READY
RKF-MAST-NC-051,Treinos_Master_NaoCompet_RKF,1500,7,already_exact_or_explicit_zero,EXACT_910_READY
RKF-MAST-NC-052,Treinos_Master_NaoCompet_RKF,1600,7,already_exact_or_explicit_zero,EXACT_910_READY
RKF-MAST-NC-053,Treinos_Master_NaoCompet_RKF,1700,7,already_exact_or_explicit_zero,EXACT_910_READY
RKF-MAST-NC-054,Treinos_Master_NaoCompet_RKF,1800,7,already_exact_or_explicit_zero,EXACT_910_READY
RKF-MAST-NC-055,Treinos_Master_NaoCompet_RKF,1900,7,already_exact_or_explicit_zero,EXACT_910_READY
RKF-MAST-NC-056,Treinos_Master_NaoCompet_RKF,2000,7,already_exact_or_explicit_zero,EXACT_910_READY
RKF-MAST-NC-057,Treinos_Master_NaoCompet_RKF,1600,7,already_exact_or_explicit_zero,EXACT_910_READY
RKF-MAST-NC-058,Treinos_Master_NaoCompet_RKF,1800,7,already_exact_or_explicit_zero,EXACT_910_READY
RKF-MAST-NC-059,Treinos_Master_NaoCompet_RKF,1700,7,already_exact_or_explicit_zero,EXACT_910_READY
RKF-MAST-NC-060,Treinos_Master_NaoCompet_RKF,1900,7,already_exact_or_explicit_zero,EXACT_910_READY
RKF-MAST-NC-061,Treinos_Master_NaoCompet_RKF,1500,7,already_exact_or_explicit_zero,EXACT_910_READY
RKF-MAST-NC-062,Treinos_Master_NaoCompet_RKF,1600,7,already_exact_or_explicit_zero,EXACT_910_READY
RKF-MAST-NC-063,Treinos_Master_NaoCompet_RKF,1700,7,already_exact_or_explicit_zero,EXACT_910_READY
RKF-MAST-NC-064,Treinos_Master_NaoCompet_RKF,1800,7,already_exact_or_explicit_zero,EXACT_910_READY
RKF-MAST-NC-065,Treinos_Master_NaoCompet_RKF,1900,7,already_exact_or_explicit_zero,EXACT_910_READY
RKF-MAST-NC-066,Treinos_Master_NaoCompet_RKF,2000,7,already_exact_or_explicit_zero,EXACT_910_READY
RKF-MAST-NC-067,Treinos_Master_NaoCompet_RKF,1600,7,already_exact_or_explicit_zero,EXACT_910_READY
RKF-MAST-NC-068,Treinos_Master_NaoCompet_RKF,1800,7,already_exact_or_explicit_zero,EXACT_910_READY
RKF-MAST-NC-069,Treinos_Master_NaoCompet_RKF,1700,7,already_exact_or_explicit_zero,EXACT_910_READY
RKF-MAST-NC-070,Treinos_Master_NaoCompet_RKF,1900,7,already_exact_or_explicit_zero,EXACT_910_READY
RKF-MAST-NC-071,Treinos_Master_NaoCompet_RKF,1500,7,already_exact_or_explicit_zero,EXACT_910_READY
RKF-MAST-NC-072,Treinos_Master_NaoCompet_RKF,1600,7,already_exact_or_explicit_zero,EXACT_910_READY
RKF-MAST-NC-073,Treinos_Master_NaoCompet_RKF,1700,7,already_exact_or_explicit_zero,EXACT_910_READY
RKF-MAST-NC-074,Treinos_Master_NaoCompet_RKF,1800,7,already_exact_or_explicit_zero,EXACT_910_READY
RKF-MAST-NC-075,Treinos_Master_NaoCompet_RKF,1900,7,already_exact_or_explicit_zero,EXACT_910_READY
RKF-MAST-NC-076,Treinos_Master_NaoCompet_RKF,2000,7,already_exact_or_explicit_zero,EXACT_910_READY
RKF-MAST-NC-077,Treinos_Master_NaoCompet_RKF,1600,7,already_exact_or_explicit_zero,EXACT_910_READY
RKF-MAST-NC-078,Treinos_Master_NaoCompet_RKF,1800,7,already_exact_or_explicit_zero,EXACT_910_READY
RKF-MAST-NC-079,Treinos_Master_NaoCompet_RKF,1700,7,already_exact_or_explicit_zero,EXACT_910_READY
RKF-MAST-NC-080,Treinos_Master_NaoCompet_RKF,1900,7,already_exact_or_explicit_zero,EXACT_910_READY
RKF-MAST-NC-081,Treinos_Master_NaoCompet_RKF,1500,7,already_exact_or_explicit_zero,EXACT_910_READY
RKF-MAST-NC-082,Treinos_Master_NaoCompet_RKF,1600,7,already_exact_or_explicit_zero,EXACT_910_READY
RKF-MAST-NC-083,Treinos_Master_NaoCompet_RKF,1700,7,already_exact_or_explicit_zero,EXACT_910_READY
RKF-MAST-NC-084,Treinos_Master_NaoCompet_RKF,1800,7,already_exact_or_explicit_zero,EXACT_910_READY
RKF-MAST-NC-085,Treinos_Master_NaoCompet_RKF,1900,7,already_exact_or_explicit_zero,EXACT_910_READY
RKF-MAST-NC-086,Treinos_Master_NaoCompet_RKF,2000,7,already_exact_or_explicit_zero,EXACT_910_READY
RKF-MAST-NC-087,Treinos_Master_NaoCompet_RKF,1600,7,already_exact_or_explicit_zero,EXACT_910_READY
RKF-MAST-NC-088,Treinos_Master_NaoCompet_RKF,1800,7,already_exact_or_explicit_zero,EXACT_910_READY
RKF-MAST-NC-089,Treinos_Master_NaoCompet_RKF,1700,7,already_exact_or_explicit_zero,EXACT_910_READY
RKF-MAST-NC-090,Treinos_Master_NaoCompet_RKF,1900,7,already_exact_or_explicit_zero,EXACT_910_READY
RKF-MAST-NC-091,Treinos_Master_NaoCompet_RKF,1500,7,already_exact_or_explicit_zero,EXACT_910_READY
RKF-MAST-NC-092,Treinos_Master_NaoCompet_RKF,1600,7,already_exact_or_explicit_zero,EXACT_910_READY
RKF-MAST-NC-093,Treinos_Master_NaoCompet_RKF,1700,7,already_exact_or_explicit_zero,EXACT_910_READY
RKF-MAST-NC-094,Treinos_Master_NaoCompet_RKF,1800,7,already_exact_or_explicit_zero,EXACT_910_READY
RKF-MAST-NC-095,Treinos_Master_NaoCompet_RKF,1900,7,already_exact_or_explicit_zero,EXACT_910_READY
RKF-MAST-NC-096,Treinos_Master_NaoCompet_RKF,2000,7,already_exact_or_explicit_zero,EXACT_910_READY
RKF-MAST-NC-097,Treinos_Master_NaoCompet_RKF,1600,7,already_exact_or_explicit_zero,EXACT_910_READY
RKF-MAST-NC-098,Treinos_Master_NaoCompet_RKF,1800,7,already_exact_or_explicit_zero,EXACT_910_READY
RKF-MAST-NC-099,Treinos_Master_NaoCompet_RKF,1700,7,already_exact_or_explicit_zero,EXACT_910_READY
RKF-MAST-NC-100,Treinos_Master_NaoCompet_RKF,1900,7,already_exact_or_explicit_zero,EXACT_910_READY
RKF-MAST-DEV-001,Master_Desenv_A2_VALAT,1600,7,residual_fill,EXACT_910_READY
RKF-MAST-DEV-002,Master_Desenv_A2_VALAT,1700,7,residual_fill,EXACT_910_READY
RKF-MAST-DEV-003,Master_Desenv_A2_VALAT,1800,7,residual_fill,EXACT_910_READY
RKF-MAST-DEV-004,Master_Desenv_A2_VALAT,1800,7,residual_fill,EXACT_910_READY
RKF-MAST-DEV-005,Master_Desenv_A2_VALAT,1700,7,residual_fill,EXACT_910_READY
RKF-MAST-DEV-006,Master_Desenv_A2_VALAT,1600,7,residual_fill,EXACT_910_READY
RKF-MAST-DEV-007,Master_Desenv_A2_VALAT,1800,7,residual_fill,EXACT_910_READY
RKF-MAST-DEV-008,Master_Desenv_A2_VALAT,1500,7,residual_fill,EXACT_910_READY
RKF-MAST-DEV-009,Master_Desenv_A2_VALAT,1700,7,residual_fill,EXACT_910_READY
RKF-MAST-DEV-010,Master_Desenv_A2_VALAT,2000,7,residual_fill,EXACT_910_READY
RKF-MAST-DEV-011,Master_Desenv_A2_VALAT,1700,7,residual_fill,EXACT_910_READY
RKF-MAST-DEV-012,Master_Desenv_A2_VALAT,1600,7,residual_fill,EXACT_910_READY
RKF-MAST-DEV-013,Master_Desenv_A2_VALAT,1800,7,residual_fill,EXACT_910_READY
RKF-MAST-DEV-014,Master_Desenv_A2_VALAT,1600,7,residual_fill,EXACT_910_READY
RKF-MAST-DEV-015,Master_Desenv_A2_VALAT,1800,7,residual_fill,EXACT_910_READY
RKF-MAST-DEV-016,Master_Desenv_A2_VALAT,1700,7,residual_fill,EXACT_910_READY
RKF-MAST-DEV-017,Master_Desenv_A2_VALAT,1600,7,residual_fill,EXACT_910_READY
RKF-MAST-DEV-018,Master_Desenv_A2_VALAT,1800,7,residual_fill,EXACT_910_READY
RKF-MAST-DEV-019,Master_Desenv_A2_VALAT,1700,7,residual_fill,EXACT_910_READY
RKF-MAST-DEV-020,Master_Desenv_A2_VALAT,2000,7,residual_fill,EXACT_910_READY
RKF-MAST-DEV-021,Master_Desenv_A2_VALAT,1700,7,residual_fill,EXACT_910_READY
RKF-MAST-DEV-022,Master_Desenv_A2_VALAT,1800,8,added_residual_block,EXACT_910_READY
RKF-MAST-DEV-023,Master_Desenv_A2_VALAT,1600,7,residual_fill,EXACT_910_READY
RKF-MAST-DEV-024,Master_Desenv_A2_VALAT,1800,7,residual_fill,EXACT_910_READY
RKF-MAST-DEV-025,Master_Desenv_A2_VALAT,1500,7,residual_fill,EXACT_910_READY
RKF-MAST-DEV-026,Master_Desenv_A2_VALAT,1700,7,residual_fill,EXACT_910_READY
RKF-MAST-DEV-027,Master_Desenv_A2_VALAT,1800,7,residual_fill,EXACT_910_READY
RKF-MAST-DEV-028,Master_Desenv_A2_VALAT,1600,7,residual_fill,EXACT_910_READY
RKF-MAST-DEV-029,Master_Desenv_A2_VALAT,1800,7,residual_fill,EXACT_910_READY
RKF-MAST-DEV-030,Master_Desenv_A2_VALAT,1700,7,residual_fill,EXACT_910_READY
RKF-MAST-DEV-031,Master_Desenv_A2_VALAT,1800,7,residual_fill,EXACT_910_READY
RKF-MAST-DEV-032,Master_Desenv_A2_VALAT,1600,7,residual_fill,EXACT_910_READY
RKF-MAST-DEV-033,Master_Desenv_A2_VALAT,1800,7,residual_fill,EXACT_910_READY
RKF-MAST-DEV-034,Master_Desenv_A2_VALAT,1900,7,residual_fill,EXACT_910_READY
RKF-MAST-DEV-035,Master_Desenv_A2_VALAT,2000,7,residual_fill,EXACT_910_READY
RKF-MAST-DEV-036,Master_Desenv_A2_VALAT,1600,7,residual_fill,EXACT_910_READY
RKF-MAST-DEV-037,Master_Desenv_A2_VALAT,1700,7,residual_fill,EXACT_910_READY
RKF-MAST-DEV-038,Master_Desenv_A2_VALAT,1800,7,residual_fill,EXACT_910_READY
RKF-MAST-DEV-039,Master_Desenv_A2_VALAT,1600,7,residual_fill,EXACT_910_READY
RKF-MAST-DEV-040,Master_Desenv_A2_VALAT,1800,7,residual_fill,EXACT_910_READY
RKF-MAST-DEV-041,Master_Desenv_A2_VALAT,1600,7,already_exact_or_explicit_zero,EXACT_910_READY
RKF-MAST-DEV-042,Master_Desenv_A2_VALAT,1500,7,already_exact_or_explicit_zero,EXACT_910_READY
RKF-MAST-DEV-043,Master_Desenv_A2_VALAT,1700,7,already_exact_or_explicit_zero,EXACT_910_READY
RKF-MAST-DEV-044,Master_Desenv_A2_VALAT,1700,7,already_exact_or_explicit_zero,EXACT_910_READY
RKF-MAST-DEV-045,Master_Desenv_A2_VALAT,1600,7,already_exact_or_explicit_zero,EXACT_910_READY
RKF-MAST-DEV-046,Master_Desenv_A2_VALAT,1800,7,already_exact_or_explicit_zero,EXACT_910_READY
RKF-MAST-DEV-047,Master_Desenv_A2_VALAT,1600,7,already_exact_or_explicit_zero,EXACT_910_READY
RKF-MAST-DEV-048,Master_Desenv_A2_VALAT,1700,7,already_exact_or_explicit_zero,EXACT_910_READY
RKF-MAST-DEV-049,Master_Desenv_A2_VALAT,1600,7,already_exact_or_explicit_zero,EXACT_910_READY
RKF-MAST-DEV-050,Master_Desenv_A2_VALAT,1800,7,already_exact_or_explicit_zero,EXACT_910_READY
RKF-MAST-DEV-051,Master_Desenv_A2_VALAT,1700,7,already_exact_or_explicit_zero,EXACT_910_READY
RKF-MAST-DEV-052,Master_Desenv_A2_VALAT,1600,7,already_exact_or_explicit_zero,EXACT_910_READY
RKF-MAST-DEV-053,Master_Desenv_A2_VALAT,1800,7,already_exact_or_explicit_zero,EXACT_910_READY
RKF-MAST-DEV-054,Master_Desenv_A2_VALAT,1800,7,already_exact_or_explicit_zero,EXACT_910_READY
RKF-MAST-DEV-055,Master_Desenv_A2_VALAT,1700,7,already_exact_or_explicit_zero,EXACT_910_READY
RKF-MAST-DEV-056,Master_Desenv_A2_VALAT,1600,7,already_exact_or_explicit_zero,EXACT_910_READY
RKF-MAST-DEV-057,Master_Desenv_A2_VALAT,1900,7,already_exact_or_explicit_zero,EXACT_910_READY
RKF-MAST-DEV-058,Master_Desenv_A2_VALAT,1800,7,already_exact_or_explicit_zero,EXACT_910_READY
RKF-MAST-DEV-059,Master_Desenv_A2_VALAT,1700,7,already_exact_or_explicit_zero,EXACT_910_READY
RKF-MAST-DEV-060,Master_Desenv_A2_VALAT,2000,7,already_exact_or_explicit_zero,EXACT_910_READY
RKF-MAST-DEV-061,Master_Desenv_A2_VALAT,1700,7,already_exact_or_explicit_zero,EXACT_910_READY
RKF-MAST-DEV-062,Master_Desenv_A2_VALAT,1800,7,already_exact_or_explicit_zero,EXACT_910_READY
RKF-MAST-DEV-063,Master_Desenv_A2_VALAT,1600,7,already_exact_or_explicit_zero,EXACT_910_READY
RKF-MAST-DEV-064,Master_Desenv_A2_VALAT,1800,7,already_exact_or_explicit_zero,EXACT_910_READY
RKF-MAST-DEV-065,Master_Desenv_A2_VALAT,1700,7,already_exact_or_explicit_zero,EXACT_910_READY
RKF-MAST-DEV-066,Master_Desenv_A2_VALAT,1600,7,already_exact_or_explicit_zero,EXACT_910_READY
RKF-MAST-DEV-067,Master_Desenv_A2_VALAT,1700,7,already_exact_or_explicit_zero,EXACT_910_READY
RKF-MAST-DEV-068,Master_Desenv_A2_VALAT,1800,7,already_exact_or_explicit_zero,EXACT_910_READY
RKF-MAST-DEV-069,Master_Desenv_A2_VALAT,1600,7,already_exact_or_explicit_zero,EXACT_910_READY
RKF-MAST-DEV-070,Master_Desenv_A2_VALAT,2000,7,already_exact_or_explicit_zero,EXACT_910_READY
RKF-MAST-DEV-071,Master_Desenv_A2_VALAT,1600,7,already_exact_or_explicit_zero,EXACT_910_READY
RKF-MAST-DEV-072,Master_Desenv_A2_VALAT,1800,7,already_exact_or_explicit_zero,EXACT_910_READY
RKF-MAST-DEV-073,Master_Desenv_A2_VALAT,1700,7,already_exact_or_explicit_zero,EXACT_910_READY
RKF-MAST-DEV-074,Master_Desenv_A2_VALAT,1600,7,already_exact_or_explicit_zero,EXACT_910_READY
RKF-MAST-DEV-075,Master_Desenv_A2_VALAT,1800,7,already_exact_or_explicit_zero,EXACT_910_READY
RKF-MAST-DEV-076,Master_Desenv_A2_VALAT,1700,7,already_exact_or_explicit_zero,EXACT_910_READY
RKF-MAST-DEV-077,Master_Desenv_A2_VALAT,1900,7,already_exact_or_explicit_zero,EXACT_910_READY
RKF-MAST-DEV-078,Master_Desenv_A2_VALAT,1600,7,already_exact_or_explicit_zero,EXACT_910_READY
RKF-MAST-DEV-079,Master_Desenv_A2_VALAT,1800,7,already_exact_or_explicit_zero,EXACT_910_READY
RKF-MAST-DEV-080,Master_Desenv_A2_VALAT,2000,7,already_exact_or_explicit_zero,EXACT_910_READY
RKF-MAST-CH-001,Treinos_Master_Desafios_RKF,1800,7,already_exact_or_explicit_zero,EXACT_910_READY
RKF-MAST-CH-002,Treinos_Master_Desafios_RKF,1800,7,already_exact_or_explicit_zero,EXACT_910_READY
RKF-MAST-CH-003,Treinos_Master_Desafios_RKF,1600,7,already_exact_or_explicit_zero,EXACT_910_READY
RKF-MAST-CH-004,Treinos_Master_Desafios_RKF,1800,7,already_exact_or_explicit_zero,EXACT_910_READY
RKF-MAST-CH-005,Treinos_Master_Desafios_RKF,2000,7,already_exact_or_explicit_zero,EXACT_910_READY
RKF-MAST-CH-006,Treinos_Master_Desafios_RKF,1600,7,already_exact_or_explicit_zero,EXACT_910_READY
RKF-MAST-CH-007,Treinos_Master_Desafios_RKF,1700,7,already_exact_or_explicit_zero,EXACT_910_READY
RKF-MAST-CH-008,Treinos_Master_Desafios_RKF,1800,7,already_exact_or_explicit_zero,EXACT_910_READY
RKF-MAST-CH-009,Treinos_Master_Desafios_RKF,1600,7,already_exact_or_explicit_zero,EXACT_910_READY
RKF-MAST-CH-010,Treinos_Master_Desafios_RKF,1800,7,already_exact_or_explicit_zero,EXACT_910_READY
RKF-MAST-CH-011,Treinos_Master_Desafios_RKF,1700,7,already_exact_or_explicit_zero,EXACT_910_READY
RKF-MAST-CH-012,Treinos_Master_Desafios_RKF,1600,7,already_exact_or_explicit_zero,EXACT_910_READY
RKF-MAST-CH-013,Treinos_Master_Desafios_RKF,1500,7,already_exact_or_explicit_zero,EXACT_910_READY
RKF-MAST-CH-014,Treinos_Master_Desafios_RKF,1600,7,already_exact_or_explicit_zero,EXACT_910_READY
RKF-MAST-CH-015,Treinos_Master_Desafios_RKF,1600,7,already_exact_or_explicit_zero,EXACT_910_READY
RKF-MAST-CH-016,Treinos_Master_Desafios_RKF,1800,7,already_exact_or_explicit_zero,EXACT_910_READY
RKF-MAST-CH-017,Treinos_Master_Desafios_RKF,1600,7,already_exact_or_explicit_zero,EXACT_910_READY
RKF-MAST-CH-018,Treinos_Master_Desafios_RKF,1800,7,already_exact_or_explicit_zero,EXACT_910_READY
RKF-MAST-CH-019,Treinos_Master_Desafios_RKF,1500,7,already_exact_or_explicit_zero,EXACT_910_READY
RKF-MAST-CH-020,Treinos_Master_Desafios_RKF,2000,7,already_exact_or_explicit_zero,EXACT_910_READY
RKF-MAST-CH-021,Treinos_Master_Desafios_RKF,2000,7,already_exact_or_explicit_zero,EXACT_910_READY
RKF-MAST-CH-022,Treinos_Master_Desafios_RKF,2000,7,already_exact_or_explicit_zero,EXACT_910_READY
RKF-MAST-CH-023,Treinos_Master_Desafios_RKF,1600,7,already_exact_or_explicit_zero,EXACT_910_READY
RKF-MAST-CH-024,Treinos_Master_Desafios_RKF,1500,7,already_exact_or_explicit_zero,EXACT_910_READY
RKF-MAST-CH-025,Treinos_Master_Desafios_RKF,1600,7,already_exact_or_explicit_zero,EXACT_910_READY
RKF-MAST-CH-026,Treinos_Master_Desafios_RKF,1700,7,already_exact_or_explicit_zero,EXACT_910_READY
RKF-MAST-CH-027,Treinos_Master_Desafios_RKF,1500,7,already_exact_or_explicit_zero,EXACT_910_READY
RKF-MAST-CH-028,Treinos_Master_Desafios_RKF,1800,7,already_exact_or_explicit_zero,EXACT_910_READY
RKF-MAST-CH-029,Treinos_Master_Desafios_RKF,2000,7,already_exact_or_explicit_zero,EXACT_910_READY
RKF-MAST-CH-030,Treinos_Master_Desafios_RKF,2000,7,already_exact_or_explicit_zero,EXACT_910_READY
RKF-MAST-TEC-001,Treinos_Master_Tecnica_RKF,1500,7,already_exact_or_explicit_zero,EXACT_910_READY
RKF-MAST-TEC-002,Treinos_Master_Tecnica_RKF,1600,7,already_exact_or_explicit_zero,EXACT_910_READY
RKF-MAST-TEC-003,Treinos_Master_Tecnica_RKF,1500,7,already_exact_or_explicit_zero,EXACT_910_READY
RKF-MAST-TEC-004,Treinos_Master_Tecnica_RKF,1600,7,already_exact_or_explicit_zero,EXACT_910_READY
RKF-MAST-TEC-005,Treinos_Master_Tecnica_RKF,1700,7,already_exact_or_explicit_zero,EXACT_910_READY
RKF-MAST-TEC-006,Treinos_Master_Tecnica_RKF,1500,7,already_exact_or_explicit_zero,EXACT_910_READY
RKF-MAST-TEC-007,Treinos_Master_Tecnica_RKF,1600,7,already_exact_or_explicit_zero,EXACT_910_READY
RKF-MAST-TEC-008,Treinos_Master_Tecnica_RKF,1700,7,already_exact_or_explicit_zero,EXACT_910_READY
RKF-MAST-TEC-009,Treinos_Master_Tecnica_RKF,1600,7,already_exact_or_explicit_zero,EXACT_910_READY
RKF-MAST-TEC-010,Treinos_Master_Tecnica_RKF,1500,7,already_exact_or_explicit_zero,EXACT_910_READY
RKF-MAST-TEC-011,Treinos_Master_Tecnica_RKF,1500,7,already_exact_or_explicit_zero,EXACT_910_READY
RKF-MAST-TEC-012,Treinos_Master_Tecnica_RKF,1600,7,already_exact_or_explicit_zero,EXACT_910_READY
RKF-MAST-TEC-013,Treinos_Master_Tecnica_RKF,1500,7,already_exact_or_explicit_zero,EXACT_910_READY
RKF-MAST-TEC-014,Treinos_Master_Tecnica_RKF,1600,7,already_exact_or_explicit_zero,EXACT_910_READY
RKF-MAST-TEC-015,Treinos_Master_Tecnica_RKF,1700,7,already_exact_or_explicit_zero,EXACT_910_READY
RKF-MAST-TEC-016,Treinos_Master_Tecnica_RKF,1500,7,already_exact_or_explicit_zero,EXACT_910_READY
RKF-MAST-TEC-017,Treinos_Master_Tecnica_RKF,1600,7,already_exact_or_explicit_zero,EXACT_910_READY
RKF-MAST-TEC-018,Treinos_Master_Tecnica_RKF,1700,7,already_exact_or_explicit_zero,EXACT_910_READY
RKF-MAST-TEC-019,Treinos_Master_Tecnica_RKF,1600,7,already_exact_or_explicit_zero,EXACT_910_READY
RKF-MAST-TEC-020,Treinos_Master_Tecnica_RKF,1500,7,already_exact_or_explicit_zero,EXACT_910_READY
RKF-MAST-TEC-021,Treinos_Master_Tecnica_RKF,1800,7,already_exact_or_explicit_zero,EXACT_910_READY
RKF-MAST-TEC-022,Treinos_Master_Tecnica_RKF,1500,7,already_exact_or_explicit_zero,EXACT_910_READY
RKF-MAST-TEC-023,Treinos_Master_Tecnica_RKF,1600,7,already_exact_or_explicit_zero,EXACT_910_READY
RKF-MAST-TEC-024,Treinos_Master_Tecnica_RKF,1500,7,already_exact_or_explicit_zero,EXACT_910_READY
RKF-MAST-TEC-025,Treinos_Master_Tecnica_RKF,1700,7,already_exact_or_explicit_zero,EXACT_910_READY
RKF-MAST-TEC-026,Treinos_Master_Tecnica_RKF,1500,7,already_exact_or_explicit_zero,EXACT_910_READY
RKF-MAST-TEC-027,Treinos_Master_Tecnica_RKF,1800,7,already_exact_or_explicit_zero,EXACT_910_READY
RKF-MAST-TEC-028,Treinos_Master_Tecnica_RKF,1700,7,already_exact_or_explicit_zero,EXACT_910_READY
RKF-MAST-TEC-029,Treinos_Master_Tecnica_RKF,1900,7,already_exact_or_explicit_zero,EXACT_910_READY
RKF-MAST-TEC-030,Treinos_Master_Tecnica_RKF,2000,7,already_exact_or_explicit_zero,EXACT_910_READY
RKF-START-001,Treinos_Saidas_Bloco_RKF,1500,7,already_exact_or_explicit_zero,EXACT_910_READY
RKF-START-002,Treinos_Saidas_Bloco_RKF,1500,7,already_exact_or_explicit_zero,EXACT_910_READY
RKF-START-003,Treinos_Saidas_Bloco_RKF,1600,7,already_exact_or_explicit_zero,EXACT_910_READY
RKF-START-004,Treinos_Saidas_Bloco_RKF,1500,7,already_exact_or_explicit_zero,EXACT_910_READY
RKF-START-005,Treinos_Saidas_Bloco_RKF,1500,7,already_exact_or_explicit_zero,EXACT_910_READY
RKF-START-006,Treinos_Saidas_Bloco_RKF,1600,7,already_exact_or_explicit_zero,EXACT_910_READY
RKF-START-007,Treinos_Saidas_Bloco_RKF,1700,7,already_exact_or_explicit_zero,EXACT_910_READY
RKF-START-008,Treinos_Saidas_Bloco_RKF,1600,7,already_exact_or_explicit_zero,EXACT_910_READY
RKF-START-009,Treinos_Saidas_Bloco_RKF,1600,7,already_exact_or_explicit_zero,EXACT_910_READY
RKF-START-010,Treinos_Saidas_Bloco_RKF,1600,7,already_exact_or_explicit_zero,EXACT_910_READY
RKF-START-011,Treinos_Saidas_Bloco_RKF,1500,7,already_exact_or_explicit_zero,EXACT_910_READY
RKF-START-012,Treinos_Saidas_Bloco_RKF,1700,7,already_exact_or_explicit_zero,EXACT_910_READY
RKF-START-013,Treinos_Saidas_Bloco_RKF,1500,7,already_exact_or_explicit_zero,EXACT_910_READY
RKF-START-014,Treinos_Saidas_Bloco_RKF,1800,7,already_exact_or_explicit_zero,EXACT_910_READY
RKF-START-015,Treinos_Saidas_Bloco_RKF,1900,7,already_exact_or_explicit_zero,EXACT_910_READY
RKF-TURNCR-001,Treinos_Viradas_Crawl_RKF,1500,7,already_exact_or_explicit_zero,EXACT_910_READY
RKF-TURNCR-002,Treinos_Viradas_Crawl_RKF,1500,7,already_exact_or_explicit_zero,EXACT_910_READY
RKF-TURNCR-003,Treinos_Viradas_Crawl_RKF,1500,7,already_exact_or_explicit_zero,EXACT_910_READY
RKF-TURNCR-004,Treinos_Viradas_Crawl_RKF,1500,7,already_exact_or_explicit_zero,EXACT_910_READY
RKF-TURNCR-005,Treinos_Viradas_Crawl_RKF,1600,7,already_exact_or_explicit_zero,EXACT_910_READY
RKF-TURNCR-006,Treinos_Viradas_Crawl_RKF,1600,7,already_exact_or_explicit_zero,EXACT_910_READY
RKF-TURNCR-007,Treinos_Viradas_Crawl_RKF,1600,7,already_exact_or_explicit_zero,EXACT_910_READY
RKF-TURNCR-008,Treinos_Viradas_Crawl_RKF,1600,7,already_exact_or_explicit_zero,EXACT_910_READY
RKF-TURNCR-009,Treinos_Viradas_Crawl_RKF,1700,7,already_exact_or_explicit_zero,EXACT_910_READY
RKF-TURNCR-010,Treinos_Viradas_Crawl_RKF,1600,7,already_exact_or_explicit_zero,EXACT_910_READY
RKF-TURNCR-011,Treinos_Viradas_Crawl_RKF,1500,7,already_exact_or_explicit_zero,EXACT_910_READY
RKF-TURNCR-012,Treinos_Viradas_Crawl_RKF,1700,7,already_exact_or_explicit_zero,EXACT_910_READY
RKF-TURNCR-013,Treinos_Viradas_Crawl_RKF,1600,7,already_exact_or_explicit_zero,EXACT_910_READY
RKF-TURNCR-014,Treinos_Viradas_Crawl_RKF,1800,7,already_exact_or_explicit_zero,EXACT_910_READY
RKF-TURNCR-015,Treinos_Viradas_Crawl_RKF,1900,7,already_exact_or_explicit_zero,EXACT_910_READY
RKF-TURNPB-001,Treinos_Viradas_PB_RKF,1500,7,already_exact_or_explicit_zero,EXACT_910_READY
RKF-TURNPB-002,Treinos_Viradas_PB_RKF,1500,7,already_exact_or_explicit_zero,EXACT_910_READY
RKF-TURNPB-003,Treinos_Viradas_PB_RKF,1500,7,already_exact_or_explicit_zero,EXACT_910_READY
RKF-TURNPB-004,Treinos_Viradas_PB_RKF,1600,7,already_exact_or_explicit_zero,EXACT_910_READY
RKF-TURNPB-005,Treinos_Viradas_PB_RKF,1600,7,already_exact_or_explicit_zero,EXACT_910_READY
RKF-TURNPB-006,Treinos_Viradas_PB_RKF,1600,7,already_exact_or_explicit_zero,EXACT_910_READY
RKF-TURNPB-007,Treinos_Viradas_PB_RKF,1600,7,already_exact_or_explicit_zero,EXACT_910_READY
RKF-TURNPB-008,Treinos_Viradas_PB_RKF,1700,7,already_exact_or_explicit_zero,EXACT_910_READY
RKF-TURNPB-009,Treinos_Viradas_PB_RKF,1700,7,already_exact_or_explicit_zero,EXACT_910_READY
RKF-TURNPB-010,Treinos_Viradas_PB_RKF,1600,7,already_exact_or_explicit_zero,EXACT_910_READY
RKF-TURNPB-011,Treinos_Viradas_PB_RKF,1600,7,already_exact_or_explicit_zero,EXACT_910_READY
RKF-TURNPB-012,Treinos_Viradas_PB_RKF,1600,7,already_exact_or_explicit_zero,EXACT_910_READY
RKF-TURNPB-013,Treinos_Viradas_PB_RKF,1600,7,already_exact_or_explicit_zero,EXACT_910_READY
RKF-TURNPB-014,Treinos_Viradas_PB_RKF,1800,7,already_exact_or_explicit_zero,EXACT_910_READY
RKF-TURNPB-015,Treinos_Viradas_PB_RKF,1900,7,already_exact_or_explicit_zero,EXACT_910_READY
RKF-BACK-001,Treinos_Costas_Fund_RKF,1500,7,already_exact_or_explicit_zero,EXACT_910_READY
RKF-BACK-002,Treinos_Costas_Fund_RKF,1500,7,already_exact_or_explicit_zero,EXACT_910_READY
RKF-BACK-003,Treinos_Costas_Fund_RKF,1500,7,already_exact_or_explicit_zero,EXACT_910_READY
RKF-BACK-004,Treinos_Costas_Fund_RKF,1500,7,already_exact_or_explicit_zero,EXACT_910_READY
RKF-BACK-005,Treinos_Costas_Fund_RKF,1500,7,already_exact_or_explicit_zero,EXACT_910_READY
RKF-BACK-006,Treinos_Costas_Fund_RKF,1600,7,already_exact_or_explicit_zero,EXACT_910_READY
RKF-BACK-007,Treinos_Costas_Fund_RKF,1700,7,already_exact_or_explicit_zero,EXACT_910_READY
RKF-BACK-008,Treinos_Costas_Fund_RKF,1600,7,already_exact_or_explicit_zero,EXACT_910_READY
RKF-BACK-009,Treinos_Costas_Fund_RKF,1500,7,already_exact_or_explicit_zero,EXACT_910_READY
RKF-BACK-010,Treinos_Costas_Fund_RKF,1500,7,already_exact_or_explicit_zero,EXACT_910_READY
RKF-BACK-011,Treinos_Costas_Fund_RKF,1600,7,already_exact_or_explicit_zero,EXACT_910_READY
RKF-BACK-012,Treinos_Costas_Fund_RKF,1600,7,already_exact_or_explicit_zero,EXACT_910_READY
RKF-BACK-013,Treinos_Costas_Fund_RKF,1700,7,already_exact_or_explicit_zero,EXACT_910_READY
RKF-BACK-014,Treinos_Costas_Fund_RKF,1800,7,already_exact_or_explicit_zero,EXACT_910_READY
RKF-BACK-015,Treinos_Costas_Fund_RKF,1900,7,already_exact_or_explicit_zero,EXACT_910_READY
